director_people_id,director_title_id
301,ApRLM
301,BVLZ6
301,ApRPT
301,ApM1x
301,ApRKz
301,7uYrC
470,BVuxt
1114,ApRL7
1114,BVMW6
1168,641G
1168,BVVLP
1244,BVXxs
1452,ApQlx
1557,ApQgI
1557,ApO7V
1557,BVi9R
1557,ApLda
1557,7Nw3
1557,5cJs
1557,ApOFg
1557,7znzO
1557,ApO1E
1557,kuNn
1557,ApQiT
1557,ApSIj
1557,BVmfR
1557,6E4W
1557,ApLQ7
1557,ApQgM
1557,BVRuu
1557,7IHJ
1557,ApQvJ
1739,5Ilc
1739,BVqLi
1739,ApM2B
1739,7o9l
1739,ApQyI
1739,ApTRu
1739,BVVM6
1739,BVNPN
1739,ApRU4
1739,ApM75
1739,ApSfW
1739,ApSwj
1739,ApQxI
1739,ApUrD
1739,BVVKZ
1739,88vGs
1739,BVTYB
1739,BVPGd
1739,BVO6L
1739,kus5
1955,kxSS
1955,BVoU7
1955,8JQp
1955,8FvIA
1955,5rfu
1955,ApRn4
2198,ApOHP
2218,BVMXV
2236,kuJi
2529,ApQZ9
2531,ApMSw
2531,kuBJ
2531,BVIuO
2574,ApMJc
2574,6iNe
2574,ApLum
2749,BVK7u
2749,8gdO5
2749,BVXb7
2749,ApRHb
2749,ApQxx
2749,kLjM
2749,6Enj
2749,ApTNl
2749,ApSWc
2749,BVYlK
2749,BVIpy
2816,ApOEP
2816,ApTU3
2816,ApLwU
2948,BVWRz
2948,BVKlR
3012,ApTdu
3012,ApQhQ
3012,ApO1P
3012,BVsMO
3056,ApTyH
3056,knPe
3056,ApTBz
3082,ApQyk
3082,ApQvr
3175,BVOAh
3253,ApUF7
3525,ApSiT
3525,BVVc7
3550,ca6ix
3667,5aaU
3667,BVm4h
3667,5iIe
3667,6o6v
3780,BVT7j
3780,ApQbJ
3950,ApUiS
3950,ApUen
3950,7qNH
3950,75x5
3950,ApO8L
3964,ApR1I
3964,BViPt
3964,kaOI
3964,ApQva
3964,cZx2C
3964,6Om9
3964,kV5X
3988,ApTt4
4025,7bq1
4206,BVgBW
4206,BVO9r
4246,BVPy3
4246,67Rd
4246,7ojP
4246,5FSD
4246,ApRKv
4246,5X7Y
4246,7Yxj
4246,kxT3
4246,ApRKu
4246,ca6ix
4246,8AGtv
4246,BVZyH
4246,ApO8K
4246,ApSwt
4427,6EN8
4427,13kbB
4493,ApM1Q
4493,ApTWR
4583,ApTYf
4588,BVSj3
4588,BVdBc
4588,BVO7i
4588,ApRL6
4646,BVaPl
4863,BVkEZ
4863,7jDJ
4863,BVszn
5633,BVnHI
6133,85kJF
6133,56T4
6133,ApUE1
6133,BVW8A
6215,5TOS
6215,ApTBp
6325,ApNz9
6325,7wTPS
6325,7xs3
6445,5mrV
6445,ApR0C
6445,kYi6
6445,ApR79
6445,7xntl
6445,7GQY
6445,ApRU7
6445,88w5
6791,BVWgd
7041,BVUA4
7041,ApSg8
7060,BVJXx
7060,BVWPG
7060,ApT64
7060,BVNPA
7060,ApR2H
7060,ApT3Y
7060,7Ey9
7060,ApSEC
7060,BVNoQ
7060,ApMJd
7325,ApQsU
7344,ApSIg
7344,66lA
7344,ApV1d
7344,ApRoq
7344,BVuxo
7344,6e7V
7344,8F54
7344,ApRbk
7457,6OhU
7457,ApLQx
7457,6i0z
7457,6tYz
7457,kBrN
7831,ApQyu
7831,ApRVi
7831,BVfvR
7831,BVXZb
7831,79Gp
7884,BVK70
7884,1D1cv
7884,8WhHG
7884,knlS
8213,ApR1S
8213,BVc7G
8213,BVIpq
8213,BVJyV
8213,ApMFI
8213,ApSnB
8213,6KD8
8900,ApQjc
9160,BVZRy
9160,7kku
9160,ApLRb
9160,kxFo
9339,ApSxA
9339,BVU4a
9339,BVeGI
9339,ApUhf
9339,ApUcr
9339,BVRQ0
9339,BVWvy
9708,kSQr
9708,ApStk
9708,8Fubo
9708,8LHL
9708,ApRmK
9708,knks
9755,BVRbH
9755,ApSJB
10300,ca8JO
10300,caBa9
10311,ApV7f
10311,ApV4z
10653,kuB1
10653,60x5
10668,ApLaR
10668,BVbgE
10668,7T2Y
10668,7JvY
10668,ApLYC
10705,8GW7
11090,ApT41
11090,881z
11090,13kag
11090,ApNwh
11176,7DOf
11177,81Br
11190,ApT1g
11190,5lNy
11190,ApOFE
11232,8DhVc
11232,6OTy
11232,ApUMZ
11254,ApUIc
11254,BVdVo
11254,8Xa5W
11254,ApM3y
11447,6pP2
11494,BVTt3
11594,8WvVQ
11594,BVUH8
11594,ApMUb
11594,ApMUj
11634,ApMTs
11634,kuoa
11634,5as5
11634,BVss2
11662,8KrX
11662,BVIrd
11672,ApNwq
11672,ApO2C
11790,ApOHY
11831,BVXRH
11831,BVY66
11831,ApS4W
11863,ApMGm
12832,ApSAn
12832,ApQeY
12832,ApLwX
12984,BVTY1
12999,7Jco
12999,ApQwF
12999,ApQiN
12999,BVcwC
12999,BVTFQ
12999,5Otp
12999,BVRFB
12999,BVOOe
12999,ApLMV
12999,BVmIi
12999,ApNzV
12999,5Osk
12999,5QQ8
12999,BVg4n
13020,btpVm
13020,BVUJF
13020,ApMEH
13020,ApRCM
13458,ApS9q
13458,klMX
13458,BVRAI
13458,BVuAw
13724,ApSwg
13724,kI5Z
13724,ApUa4
13724,ApTVG
13724,ApSe2
13724,ApTtq
13724,ApSW7
13724,ApQam
13724,ApLOZ
13724,ApT42
13724,ApSe3
13724,kuo9
13889,BVmIj
13889,ApLbQ
13889,btpZF
13889,8G4O3
13889,BVTuL
13889,BVOPD
13931,ApTR7
13931,ApTZI
13931,7mqG
13931,ApMGp
14612,5nb3
14612,ksCy
14612,ApQxz
14639,ApRT4
14639,6aBu
14639,ApTN8
14639,ApSyn
14639,BVKl9
14639,ApQdQ
14639,8NgX
14639,13kaI
14639,kJjC
14639,BVZ6v
14639,7rTK
14763,BVQi8
14866,7zpiK
14885,BVWOK
14885,ApQmK
14885,8ZF9D
15199,ApSrS
15401,5AXi
15401,BVYQG
15401,ApTiB
15401,BVY9u
15431,ApLqI
15431,BVTs5
15431,ApSSJ
15431,6509
15431,7M5l
15431,ApRSM
15506,6Nsp
15506,ApUTd
15739,BVpkh
15868,BVu3z
15868,BVlvQ
15868,BVO5q
15868,5t56
16041,BVTgZ
16041,BVVC6
16041,BVWne
16099,5n6D
16099,ApR76
16387,ApMFC
16387,ApLeh
16424,ApSim
16424,ApMT1
16424,13kbn
16824,ApTBl
16824,ApT3K
17171,6dAs
17171,60Wg
17171,BVR2N
17171,ApR7Q
17171,BVLtI
17323,BVJqR
17323,BVJ7R
17323,BVT7V
17323,ApMGN
17323,BVWA4
17381,6J09
17381,BVXdT
17381,BVmel
17582,BVM5V
17587,BVTkS
17665,ksEP
17665,BVlET
17665,ApRol
17720,7zaWZ
17720,ku9C
17794,BVSgV
17794,BVZht
18013,ApUjz
18013,BVtqZ
18013,BVbOX
18013,BViPu
18016,BViPu
18016,BVbOX
18016,kupI
18016,ApLWQ
18016,BVtqZ
18016,6koj
18016,ApScN
18016,ApUjz
18016,BVmK5
18016,ApM5P
18016,6GUt
18016,7vZs
18108,BVnK5
18124,ApSwl
18124,67eM
18124,BVJId
18124,BVlE1
18124,BVww3
18124,7xjq8
18124,ApRS7
18124,BVij0
18124,7uYqR
18362,ApSlP
18585,7SvQ
18585,57DO
18585,ApLQT
18585,ApSO8
18585,ApRCj
18585,BVRvR
18585,6hRe
18585,ApRnB
18585,6hRn
18585,BVo7R
18585,7zph3
19149,ApRM7
19149,ApT07
19149,ApV94
19149,ApT9K
19149,ApRM8
19149,ApLo7
19149,7vhB
19149,BVWCp
19149,ApLvf
19216,BVOPz
19216,caB7C
19216,BVl1O
19330,BVpEr
19330,kurN
19330,ApRMH
19330,BVIzW
19330,7hiO
19330,BVTPo
19330,84PF
19330,BVTPp
19330,ApOLH
19330,ApOBh
19330,ApOD3
19330,BVuuo
19330,5ZiY
19330,ApM2t
19330,BVvuR
19330,5IWN
19502,BVio0
19502,BVnMx
19502,BVOXO
19502,ApSLQ
19502,BVXX3
19502,7uzeW
19502,ApUaK
19502,BVbY0
19502,BVv1x
19502,1EBTK
19689,ApTso
19689,kup9
19689,ApSpw
19689,ApSpx
19689,7xjtc
19689,ApSuA
19787,1Iyn3
20016,BVr4j
20016,BVfAr
20016,8EbS
20257,BVcS2
20257,ApRfp
20257,ApM1y
20257,ApLPr
20257,8clOI
20257,kupa
20257,88dX
20257,ApQal
20257,7ZwO
20257,BVY9f
20386,6Jv0
20388,BVLyb
20388,7YB8l
20388,BVJRI
20482,BVZjh
20492,BVRFF
20492,838RK
20492,ApLs9
20492,5tK9
20615,BVOOh
20615,ApRGs
20615,ApRGt
20615,8G14
20615,ApR78
20615,ApQyY
20615,ApLuf
20712,6MuN
20712,ApQrG
20769,BVc7J
20829,ApQi5
20882,kFpO
20925,ApMR9
20925,6OkZ
21043,ApTRO
21057,ApLKY
21057,BVOaS
21541,BVSQX
21629,BVPou
21699,5QLH
21699,ApV99
21699,ApTg3
21699,ApUsU
21818,8836O
21818,ApQhI
21818,7KbP
21818,ApT5F
21818,ApO2M
21818,53SI
21818,ApTRL
21831,7svr
21996,ApOIF
22211,ApMQ0
22230,55kx
22230,ApR2r
22230,kTyT
22230,7iDW
22230,6PVJ
22230,ApV4k
22230,BVVti
22230,ApQfR
22230,BVU8Q
22402,ApR7J
22402,ApLnE
22541,BVv11
22588,5bCa
22588,ApQj4
22588,BVUON
22591,BVTgG
22591,ApLLr
22591,5YBx
22591,7POS
22591,ApT8s
22591,BVSuW
22591,ApRn9
22591,5fyP
22591,ApQkl
22591,ApQpl
22591,ApLUT
22591,7uZ2R
22591,ApO6G
22591,5XiX
22591,ApT1t
22591,5fdd
22591,ApMN4
22591,ApLwl
22591,7va1
22591,BVNmB
22591,BVKNW
22597,ApQxT
22597,caC0P
22597,ApOKl
22597,BVRLp
22597,ApSvq
22895,5Tgg
23346,BVZm5
23346,ApO1K
23346,ApUyH
23346,BVm5c
23346,ApUhv
23346,BVolO
23509,BVp3f
23731,BVZD3
23731,BVmXt
23791,7mai
23791,BVdBc
23791,7Lx8
23791,ApLNy
23791,ApO9z
23791,ApRGF
23791,BVMXR
23791,ApRn2
23791,ApV63
23792,ApSUJ
23792,ApQk7
23792,cZfoL
23792,1EGsy
23792,5Pww
23866,ApSjO
23866,BVVTq
24637,btqM2
24637,ApSUI
24637,cZkEj
24862,ApNxN
24862,ApOHb
24862,BVksU
24862,BVTkN
25140,ApQj5
25140,BVU1n
25140,6SWT
25140,ApR7M
25140,7atR
25140,ApRKw
25140,ApM5G
25140,8LCw
25167,8EMlY
25167,ApV8V
25167,ApQfh
25206,BVK9D
25206,BVRaX
25211,77Kj
25211,7vWEY
25211,BVLeW
25211,ksND
25211,77Ka
25211,BVURC
25211,BVVXK
25211,88lF
25211,ApLSR
25211,ApTRW
25251,7zaOT
25756,7vudi
25756,ApLvd
26165,BVV2y
26165,BVUI1
26165,8BpAK
26165,BVV32
26165,kuUs
26165,ApLnH
26174,ApLJW
26174,BVJ5L
26174,kuOn
26174,ApRxk
26174,ApRU2
26180,ApToG
26180,ApSi4
26180,60SG
26180,cZfFt
26180,BVgZ4
26180,kuNw
26180,ApSir
26180,cZoj7
26331,6hoO
26418,BVLgP
26418,56iF
26418,ApR1v
26418,7xnwz
26418,BVfXE
26873,BVcvm
26874,7iaX
26874,ApLf9
26874,ApT3a
26874,BVRbA
26874,88WK4
26874,7hV6
26874,ApRS3
26874,ApML1
26874,kmyk
26874,6fSW
26874,ApV7l
26874,ApReg
26874,ApT3e
26874,BVNWW
26874,BVvuI
26874,BVisU
26874,ApTQu
27116,BVLbs
27120,7nM7
27120,ApUa1
27120,kD3W
27120,BVwwY
27120,ApODD
27120,BVRsE
27120,caAMv
27120,ApR6R
27120,BVS8F
27120,ApLwB
27120,ApTwQ
27287,BVRv7
27287,ApLJY
27287,ApSkh
27287,knus
27287,ApT3C
27287,6EVM
27287,ApSy1
27287,ApSy2
27287,ApSy5
27287,ApRoe
27287,BViso
27468,ApSCg
27532,ApLLS
27532,BVUPU
27881,7ZBLn
27881,ApSCM
27881,BVl3z
28013,BVSeP
28061,8HLv
28061,ApQyD
28061,7zpgO
28061,ApLeX
28061,BVm5k
28061,BVOOc
28061,7NG6
28309,BVlzw
28351,BVUh2
29244,ApTRH
29244,BVSxQ
29244,BVllO
29244,BVMWX
29244,BVwkk
29244,BVdaQ
29677,ApUeV
29677,BVbOR
29677,BVdSj
29677,ApTi6
29677,BVUXh
29677,5XnE
29677,BVLqH
29677,ApUPV
29866,ApM5r
29956,BVYku
29956,ApLY4
29956,ApTQP
29956,8HAyY
29956,6qFC
29956,ApRUv
29956,76F5
30049,ku8I
30049,8Whad
30049,BVrI9
30049,BVisW
30049,8BK1
30049,ApRDI
30049,ApQVw
30049,BVUOE
30267,ApMEI
30529,ApUfQ
30529,BVXYw
30529,BVM8t
30529,ApNwg
30529,5qT0
30540,5tGF
30540,BVfV5
30579,ca4lP
30748,BVv0L
30748,7AYa
30748,ApSNC
30820,ApM92
30820,ApUg9
30820,BVOLI
30820,ApRsl
30820,ApRCI
30820,ApO0t
30820,5hwm
30848,ApTm4
30848,ApTdm
30939,8OFj
31013,7PXG
31013,ApQpf
31013,6jri
31013,ApV6b
31097,ApLRC
31097,7lEK
31097,5EUZ
31097,ApO7X
31097,ApOJ0
31097,7eya
31168,7AWv
31225,ApO3v
31225,ApNva
31262,ApQlS
31262,ApQlU
31487,8NaJ
31487,BVlqq
31487,BVXn0
31487,ApUjo
31666,BVisY
31666,btrDk
31666,7NES
31666,BVURV
31666,ApSZl
31677,BVLrd
31677,ApLLn
31677,BVlln
31677,5yvV
31677,ApSje
31677,kkFl
31677,6tIn
31677,ApRVf
31677,7xo1m
31677,ApSKe
31693,62SV
31693,cZv0c
31693,7vufN
31693,7exs
31721,btq2g
31721,ApSg0
31721,BVPHC
31864,ApLsZ
31864,6ehk
31864,ApUOa
31864,6YQx
31864,BVWTZ
31864,5wwa
31864,BVTLo
31864,BVeUw
31864,ApLLq
31980,7vubw
32132,8MLX
32145,6uaY
32145,ApS6h
32145,ApUf1
32145,BVV19
32145,BVObq
32540,ApQWN
32540,ApLJn
32540,8HqRX
32540,BVOrP
32540,BVjrT
33395,BVg60
34366,ApSUT
34366,kdRO
34366,6yOV
34396,ApUHl
34506,ApT15
34578,BVXRd
34578,1DmBM
34632,5Gau
34632,BVRfQ
34632,5Zwd
34632,ApRBj
34632,BVmIe
34632,7xnyK
34632,7ZBLG
34632,ApT1p
34632,BVQ9a
34632,7QqC
34632,7xjwc
34632,ApT1o
34809,BVo3R
34943,84hk
34943,ApRyw
35015,77df
35015,ApLx0
35052,ApUsP
35090,ApTfi
35164,ApSpm
35450,BVuxk
35450,BVN8K
35475,kgrA
35475,BVVaJ
35475,82lG
35545,btqhn
35545,btpX5
35545,ApLLj
35545,btqM2
35545,cZna0
35545,cZk7z
35545,cZkEj
35799,cZtrm
35846,ApLM2
35846,ApROw
35846,7Rjo
35882,BVTLl
35882,BVdrW
35996,ApTyv
35996,BVSxX
35996,8C6g4
35996,BViUb
35996,ApQj1
36048,ApT5F
36052,ApUEs
36052,56Kb
36120,7op1
36431,BVSIR
36431,BVOeE
36581,BVisz
36581,ApLt1
36782,BVdra
36782,ApV6p
36822,BVm0Z
36822,BVRog
36904,ApQew
36904,ApRGh
36904,BVJPl
37115,ApUeU
37115,ApM95
37115,ApVAh
37217,ApThb
37217,5kYb
37217,BVRIz
37217,BVVSw
37373,6S7m
37373,BVZyG
37373,ApQzU
37658,ApQkH
37658,ApR6g
37658,ApRaB
37658,ApLwK
37658,BVTTM
37658,BVSMN
37658,ApSUC
37745,kP0i
37963,ApS6C
38035,1EJKq
38035,ApT63
38035,BVWIY
38035,BVYTM
38075,ApRke
38075,kueh
38075,ApLby
38130,BVo1b
38130,ApMDf
38130,8hilY
38130,6n3Q
38130,65aj
38130,kusW
38130,ApU04
38225,BVTmb
38282,cZhyX
38324,ApUVG
38324,ApToH
38747,BVewY
38755,ApRbr
38755,ApO7f
39020,BVbRK
39020,ApOAO
39139,ApRn8
39139,ApMMs
39139,7xjs8
39139,5QGP
39139,knt2
39139,ApTBi
39304,ApLqJ
39376,5nkK
39376,5vZs
39376,ApTy9
39376,BVhig
39376,BVqMy
39408,ApSuM
39408,6gcN
39559,BVjkz
39559,ApMHo
39585,BVSy4
39889,BVQ5F
40057,ApUzu
40057,ApRJL
40190,BVacg
40190,ApRSv
40240,6AmS
40456,ApLTK
40456,ApRoZ
40456,13kZV
40638,ApLff
40638,ApLz2
40638,5o98
40638,ApUej
40638,7BPf
40638,ApRRG
40814,838Kk
40814,BVas6
40868,ApLxY
40868,BVVDk
41180,BVjVo
41183,ApODC
41260,ApRHK
41260,7SYZ
41260,kKvk
41260,ApMTC
41260,BVinW
41260,7zp4u
41294,ApRn7
41407,8AJEF
41407,ApLul
41407,kBnp
41407,ApV1E
41436,1EGpT
41436,ca3wf
41436,BVNek
41436,btpWV
41436,cZntn
41444,cZl82
41444,cZo7M
41444,cZjoo
41444,cZg1z
41459,BVcJU
41459,BVmH7
41459,BVUPT
41459,kmtu
41459,ApLXe
41459,ApROm
41459,ApUg5
41467,BVXQz
41467,BVnLc
41467,BVnZ8
41513,7XDH
41547,kxJN
41547,ApUJ0
41547,ApQth
41547,ApSJ2
41660,ApQl9
41660,BVX71
41684,ApQpi
41833,ApREH
41833,ApNut
41833,k9rf
41833,ApMUf
41833,BVTcS
41841,ApT10
41900,ApMPd
41900,cZkET
41900,BVjfY
41900,7xUI
41900,ApMPl
41900,ApMN5
41900,ApQfn
41900,ApRDJ
41900,6SKV
41900,ApU6D
41900,5aL6
41900,kBXd
41900,cZk0G
41900,BVJrZ
41900,BVJGR
41916,ApOEU
41916,ca7rz
41916,ApTfN
41916,ApTfP
41916,7AxY
41916,ApT6x
41916,ApSk2
41916,ApLSw
41916,BVSpj
41916,BVbwD
41916,ApQaX
41916,ApSLB
41916,ApOAf
41916,7hdu
42021,ApRZR
42021,ApRrl
42141,ApQeo
42230,BVXrE
42230,ApLXw
42230,btpdC
42230,kxm6
42230,7rIF
42230,BVeAL
42279,ApRz1
42279,BVODf
42402,ApRCh
42402,7ytg
42402,BVO9k
42402,8FvNU
42402,ApTVZ
42402,ApRnE
42408,BVoob
42515,BVuyA
42515,ApU8A
42515,btpdE
42515,5hlm
42515,BVlj6
42587,BVXqe
42587,ApRLL
42587,ApNzk
42587,ApLQH
42632,ApMMp
42632,8OGk
42632,ApR8i
42632,6Otw
42954,BVKiA
42954,BVU2W
42954,6Kkc
42954,BVZsy
42954,7jpf
42954,cZtKN
42954,cZtKL
42975,ApRkm
43014,BVcvk
43017,ApV6q
43044,BVNt0
43044,ApSCH
43044,1EJNg
43044,6ShN
43044,5WmT
43044,ApU6B
43058,BVJG9
43058,ApQlB
43058,69rj
43208,BVMW2
43208,caAJg
43208,cZz7B
43453,BVjhD
43453,5KJH
43453,BVigD
43453,BVpnr
43453,BVw7i
43453,BVRv0
43453,BVPNK
43453,ApTRc
43453,ApT9o
43453,BVTQM
43453,ApRQC
43453,BVmWC
43453,ApNyM
43453,ApOJw
43453,ApRNl
43453,ApQyf
43453,7iuZ
43453,BVpql
43453,6GN1
43453,88B5n
43453,7jHr
43453,ApUFu
43453,BVXXo
43453,6Ws3
43453,7w3M
43453,7Zcs
43453,5IWo
43721,8Wvgk
43721,ApO16
43721,BVuyy
43721,BVnBl
43754,ApU4W
43754,BVmXZ
43788,5z7n
43788,ApRGr
43788,BVmVi
43788,ApQwE
43789,ApQwE
43789,BVmVi
43789,ApRGr
43789,5z7n
43789,BVl9p
43789,BVdqf
43821,ApSmi
43821,6Hsq
43821,ApT1s
43821,ApT1q
43821,kTlq
43821,ApM6u
43821,ApM6t
43821,5a30
44001,ApLQB
44015,BVfXJ
44107,BVc8J
44107,BVMvB
44107,btpls
44107,kIVn
44209,BVVGM
44219,5OpB
44226,7s7A
44226,BVnPZ
44226,ApOE8
44302,cZnfC
44302,cZfFt
44302,1EGty
44335,BVO5y
44335,8f3ct
44335,ApQnS
44335,7WFR
44335,kMcD
44335,54Di
44335,7qyC
44474,8G4r4
44474,ApU6E
44474,ApR6b
44495,ApLpW
44718,6aaq
44821,6aGB
44821,ApT0P
44821,8ANa5
44821,7Yi6
44821,ApUiF
45056,ApT6Z
45056,BVS3S
45056,ApSu5
45056,BVOBy
45056,ApUai
45056,BVoN8
45056,BVJg5
45056,ApLyv
45056,ApSwo
45241,5Xoy
45241,ApNyc
45241,7309
45241,knXG
45241,ApU0X
45241,ApTBa
45241,BVrFG
45241,ApSmR
45248,ApUs4
45248,ApMTQ
45248,BVP3w
45248,ApMTT
45248,BVP3s
45248,BVP3q
45248,BVP3t
45248,BVP3u
45248,BVP3x
45248,BVP3o
45248,BVP3m
45248,ApMTU
45248,BVP3p
45360,ApRz3
45610,cZfal
45610,ApUDW
45792,ApTUg
46006,kEW4
46006,BVhIs
46194,ApMHd
46194,7R7c
46194,7ffj
46194,ApTRj
46194,8Ixd
46194,BVO6W
46292,ApTC6
46292,ApTNs
46330,kucg
46330,ApR4m
46448,BVUOW
46554,BVR28
46554,BVXbm
46570,7ugW4
46679,BVwmw
46679,6y5a
46679,ApMTJ
46679,838N2
46679,BVTcH
46788,BVdPN
46797,8AjAP
46797,BVYAJ
46897,BVTLd
46897,BVnNp
46917,76xx
46983,ApUAM
46983,7QqC
46983,BVkh5
46983,ApT1p
46983,783N
46983,BVKYr
46983,ApRBj
46983,ApT1o
46988,BVRv5
47070,6qMz
47070,7zppX
47070,ApTBs
47070,BVO2q
47070,ApU8B
47070,7NGh
47070,ApO59
47070,BVYNE
47980,BVhQH
47980,ka1w
48050,BVRok
48050,8f4D6
48050,ApOKD
48050,8FTn
48050,5XjS
48050,6OZ6
48050,ApMQC
48156,BVZwi
48218,kQv5
48223,ApSfm
48223,6sW2
48223,6e1p
48223,ApSfn
48223,ApRVl
48375,ApOE2
48375,BVPvH
48451,ApLPv
48451,ApOIu
48453,BVefp
48751,BVSe9
48751,ApO1U
48965,BVb7Y
49254,BVSND
49254,BVZ67
49281,khHM
49790,BVV1d
49790,6j56
49869,BVefj
50212,ApLST
50212,BVOSK
50212,ApSgw
50212,ApUhh
50212,ApRrr
50299,ApR8g
50573,BVj8U
50573,8IpNZ
50573,kQbk
50723,ApQvs
50723,BVxHG
50723,kGCC
50933,BVYV0
50952,ApQl4
50952,ApRLV
50952,ApMN3
51486,8Dcu
51486,6Pg5
51486,13kaw
51549,BVrBX
51881,6VyA
51891,7z3Fn
51891,ApSUJ
52117,ApR9y
52221,ApMQK
52221,ApQr5
52371,ApQfc
52472,BVehR
52472,ApU2k
52472,6pes
52472,ApT3N
52472,ApLjF
52472,5prm
52472,kKZp
52472,ApSIv
52472,8LXx
52472,1EGwG
52472,BVgCx
52472,ApSxM
52485,cZkOs
52485,btpbs
52485,BVlod
52485,cZnc6
52485,BVloc
52485,btqlT
52485,cZio3
52485,cZfE9
52613,BVn7G
52640,ApOK3
52824,ApSIh
52824,ApTXi
52824,6qUX
53066,BVXEx
53066,ApTC7
53066,ApSsZ
53066,7MjG
53066,ApTnP
53301,kJhs
53532,7PXG
53644,ApMPY
53644,ApQha
53743,btr2h
53743,btpdE
53743,7ZBJp
53743,88B1z
53820,BVjfw
53820,BVivS
53820,8AWCw
53982,BVQh7
53982,ApMNR
53982,5ntF
53982,5uHP
53982,ApM4t
53982,6yE2
53982,BVInG
53982,8G3qX
53982,ApMNP
54192,ApQi5
54195,7LKj
54278,BVUXe
54278,btqs5
54278,btof5
54278,ApRn6
54299,ApO3S
54430,ApLz0
54430,BVX1M
54472,ApSfi
54599,BVUNe
54599,6jSD
54630,BVRB5
54630,5pvY
54633,ApRXP
54633,ApM9A
54633,ApRXQ
54633,ApQWM
54695,6L2c
54695,6wI1
54695,5QKq
54708,65n0
54812,btpZF
54812,BVY3v
54812,63mX
54812,ApLQW
54812,64CE
54812,BVWPf
54812,btpls
54812,ApQze
54812,ApQw8
54812,BVpl9
54812,8HHV
54812,1EGzD
54812,ApMUM
54812,7Wfz
54812,6W0s
54812,kunF
54812,ApSwr
54812,BVefy
54864,ApTt6
55429,BVMXl
55429,ApRxE
55429,BVUOC
55429,7cje
55429,BVSOx
55429,ApO3x
55429,BVZZq
55669,knUX
55669,caBa9
55669,ApSlz
55669,7JIa
55669,ApUjw
55796,ApLet
55796,8LC3
55796,8IBO
55858,BVKiU
55858,ApR7G
56134,BVo2E
56134,ApUYv
56134,BVNhE
56753,ApUDc
56904,ApQwV
56904,ApQwZ
56904,BViY7
56961,7qIR
56961,BVXSO
56961,ApSYq
56961,kurV
56961,65Jv
56961,ApM2M
56961,BVire
56961,knlJ
56961,BVIom
56961,ApOHH
56961,7zrgl
56961,BVcvw
56961,ApO7L
57106,7z9Wf
57126,ApV65
57126,7IMV
57126,7IMD
57211,68xP
57211,BVXsE
57211,ApOJr
57211,5X8Y
57211,cZvIF
57211,ca1Z5
57211,ApLQD
57211,ApR7e
57211,BVbj6
57229,BVOaG
57229,BVibr
57250,ApT1i
57250,6uXu
57250,54vn
57250,7Agn
57250,ApRHT
57281,ApLLm
57281,ApLaQ
57281,8FbyT
57281,8Bwr
57281,64Yx
57281,ApLhv
57281,6Y77
57590,BVkPf
57885,BVUJG
57885,7zpVl
57885,BVLgQ
58084,BVefs
58248,BVb0Z
58351,BVn7R
58351,7zpi2
58351,5MyU
58398,ApNw4
58432,BVwkl
58504,ApLK6
58504,ApTNT
58504,ApQej
58504,ApUPB
58504,ApM98
58504,kuSY
58504,ApM5K
58504,ApTye
58578,88Fp
58578,BVJYB
58596,kdaG
58596,ApRSW
58596,7zrvP
58596,ApS9n
58654,BVZhi
58654,BVprW
58654,ApUq8
58654,6dCw
58685,BVVUJ
58685,ApOLl
58686,cZt08
58686,67YQ
58686,cZpVE
58686,ApR7P
58699,ApOI5
58699,ApOH4
58707,BVwkt
58707,BVs3L
58743,BVlff
58743,BVO6I
58743,8cktE
58743,BVNND
58743,BVO6H
58743,BVpmI
58743,ApUjm
58882,ApRgn
59234,5Yjy
59360,7PkP
59361,7PkP
59648,ApTT3
59648,5qqW
59648,5IeA
59649,BVpES
59649,BVLX1
59649,839RO
59649,7hpa
59649,ApR2J
59649,7r3b
59649,cZfLS
59649,ApOKX
59649,6KbK
59649,ApQu8
59649,BVZhX
59649,8UepQ
59649,ApU1n
59651,BVe6R
59682,75wC
59682,5Jxb
59682,5T73
60345,BVdCJ
60345,BVfu2
60345,BVMXG
60345,BVg61
60345,ApR7S
60350,7VyM
60422,ApSh6
60422,BVkQY
60539,BVKPs
60770,ApSli
60770,cZy1N
60781,ApUfH
60814,BVIzT
60856,ApLwa
60856,kuqw
60856,8OYX9
60856,ApQii
60856,6BuL
60943,BVKmE
60943,BVNGi
60943,ApRKy
60943,BVWRR
61112,ApTQX
61112,ApUMd
61593,BVSes
61714,BVa9F
61866,6v8Z
61866,ApSpC
61866,ApLbm
61981,BVNW8
61981,BVRuk
62194,BVYMD
62194,BVqG5
62194,ApSRk
62194,BVqG6
62194,8JOD
62404,6lD2
62404,63Tb
62404,BVJ9G
62404,ApRKL
62404,63TJ
62404,ApRFb
62404,BVJ9F
62404,74Fw
62404,ApSNv
62892,8Myj
62892,ApTT8
63274,ApSwi
63274,ApMU3
63334,ApSEl
63334,ApRQb
63334,ApLgk
63334,ApUzO
63334,kZH8
63366,ApTRe
63366,BVpAk
63366,ApMM0
63366,7uYzg
63749,ApQtU
63772,5qSr
63847,BVnXp
63847,ApO4w
64202,BVmAI
64202,7uYvq
64202,6Okh
64202,6MsL
64202,cZf65
64202,BVgRh
64202,kakk
64202,8HzrS
64222,7Sse
64222,ApVA1
64222,ApV7w
64222,6CKF
64237,ApO4p
64237,BVOaS
64237,ApUag
64237,BVOAo
64898,BVmAJ
65219,ca3nt
65356,6kIN
65356,kuS7
65764,knzH
65949,ApR28
65949,cZtjz
66239,ApSf1
66239,7tGF
66239,ApRgY
66239,ApSin
66239,ApLla
66449,BVm08
66449,caAMv
66449,BVRNZ
66449,ApMFF
66449,BVYTk
66494,BVuzk
66658,ApO1H
66667,klMo
66667,BVNBf
66683,BVmel
66728,BVSN9
66832,ksEP
66832,BVlET
66832,ApRol
67132,keb8
67375,7ugRg
67375,ApO5d
67471,7czs
67471,ApRUJ
67471,BVV0g
67503,BVRrj
67503,ApRKH
67503,5ebW
67666,ApU7h
67666,5VA2
67666,BVV2L
67666,ApUhj
67945,BVcvz
67945,ApTRk
67945,BVOOq
67945,ApRxt
67945,kn4T
67945,BVUtI
67945,6NY1
68009,ApUfC
68148,8FKd
68148,ApOL0
68148,1EHL7
68148,BVYNZ
68148,6WaD
68148,khaV
68148,5UUy
68148,ApLLo
68148,ApOKC
68148,BVLgI
68148,5fkw
68148,BVIpx
68198,ApRJM
68198,kSg2
68410,ApUz0
68626,7zb6e
68831,ApQso
68831,BVUPV
68845,ApQk0
68845,knrs
68932,ApRxs
68932,5ndk
68932,ApUfk
68932,knSE
68932,cZjp8
68932,8eLxA
68932,BVWCy
68932,5yw6
69012,btpYz
69012,cZtKK
69012,7uYrW
69012,cZfmB
69012,cZtKM
69036,ApLKD
69199,5mZM
69199,ApMQE
69199,ApMSs
69269,cZqDj
69269,cZv0c
69269,btpbg
69518,7u91
69689,ksIH
69689,BVTgD
69891,cZonN
69891,cZkEO
69891,btpcg
69891,cZuEh
69891,cZfXs
69891,BVJil
69891,btpkQ
70303,6gqn
70650,kd4t
70650,ApQhu
70650,ku7p
70650,645D
70650,ApLeL
70650,6jmq
70650,ApUIu
70650,8I0pa
70650,ApQj4
70729,BVSpq
70913,ApO9X
70913,7kzD
70913,ApT9M
70913,ApO3M
70913,8JzC
70913,5DVD
70913,knMT
71070,ApSDP
71110,ApMAf
71338,BVOOZ
71338,8gckF
71338,7vudS
71363,5UZ9
71363,ApRXi
71363,ApSwh
71363,BVTl6
71363,ApNzq
71363,ApRpP
71363,BVVUL
71363,7PPL
71559,ApUDQ
71663,ApQv5
71701,ApQgs
71701,5YqW
71701,ApRIy
71968,7kmKm
72044,ApR2t
72044,BVRFE
72166,btrDI
72166,ApNyb
72166,ApT62
72166,ApRr1
72265,6yKq
72265,kBJ4
72265,ApLdz
72265,ApUB0
72298,ApUML
72298,BVa94
72298,7irO
72485,ApO48
72485,BVNQy
72485,ApTBn
72494,BVcIC
72494,ApMSR
72494,5uSS
72676,BVipc
73030,BVWIJ
73030,ksKB
73030,7hG5
73030,BVNc3
73030,ApSh0
73030,ApUIl
73030,BVUOP
73030,ApRL2
73030,ApLXQ
73030,6oaK
73130,5SH5
73130,BVRID
73130,BVuy2
73130,BVV1S
73130,BVVPR
73130,ApLeZ
73130,ApV8x
73130,BVX6r
73130,BVZay
73131,ApQvq
73131,BVO6X
73131,ApMFH
73131,6Yku
73131,ApTyO
73131,7zrvY
73131,5JMa
73131,ApMDl
73395,ApLXH
73395,BVmA6
73395,BVql9
73395,ApRSc
73635,BVPoZ
73635,ApU3V
73635,ApOLb
73635,ApRBi
73635,ApQg0
73635,kRKV
73714,ApUA8
73714,BVp26
73714,BVKS5
73714,ApTos
73714,km0j
74064,kEPY
74185,ApRdN
74213,5lRm
74281,BVNqA
74281,8Wh0N
74281,ApLJT
74281,ApOID
74281,ApLMY
74281,55pg
74581,BVOSK
74581,BVMlB
74688,ApV6a
74733,kNoD
75260,13kbQ
75260,BVjAa
75474,8Kkh
75474,BVpQT
75534,BVgaX
75664,7vuh0
75878,BVLzM
75878,ApUkq
75878,6KE9
75878,BVKfU
75878,BVUBL
75878,717O
75878,7q3S
75958,7uNS
75958,ApRbY
75958,7vugb
75958,BVjtz
75958,8hiyM
75958,BVV1B
75958,BVdjT
75958,ApMDk
76129,ApUey
76129,5dO0
76129,6YdM
76129,7WcJ
76129,839Ty
76129,ApLXa
76129,BVSxU
76129,BVm5h
76129,ApRnK
76129,7TEE
76129,ApQWr
76400,ApRIH
76400,ApRCK
76400,6AD8
76464,ApTwu
76608,BVqTa
76608,BVWju
76851,13kcD
76851,BVZhn
76851,ApLhI
76851,BVqhN
76851,81M7
76851,ApOEg
77026,BVURe
77026,BVa3t
77045,btpWU
77045,BVs4u
77045,cZk04
77185,BVPos
77227,ApQWw
77227,5DNu
77227,6vgk
77227,ApSLA
77227,5z4c
77227,7Hrc
77227,ApSL3
77236,kK5z
77236,BVqhO
77236,6SwE
77236,BVcwA
77236,8MzI
77236,BVSxE
77236,ApLMo
77236,6I1L
77236,8Wiji
77236,ApT08
77236,5FgI
77296,ApOCo
77296,kENf
77306,BVUOJ
77306,kSM7
77306,6St8
77306,6yKZ
77306,5y9U
77306,70tc
77306,6StH
77306,76PL
77306,kBpl
77306,7LMc
77636,BVKT4
77636,ApRMr
77636,8Cju
77636,BVQ5L
77674,ApSfk
77674,7xjtc
77674,ApQd3
77674,BVO6G
77674,ApSfl
77880,ApQi0
78029,ApQgt
78029,BVVaC
78029,ApUs0
78029,ApMJf
78029,BVWix
78195,ApLzz
78195,BVWvR
78408,6VMM
78408,ApSL6
78408,ApR6i
78408,ApQe1
78408,6KqG
78408,ApT3L
78408,BVRAM
78408,ApSOC
78408,ApRFE
78408,ksIQ
78408,ApQqF
78408,63gE
78408,64fe
78408,BVJIN
78594,BVi9G
78594,ApQpZ
78594,ApLXB
78594,BVWlj
78594,7zppg
78594,ApScL
78623,5OwU
78633,BVRYK
78633,8gbzR
78633,5z1h
78633,ApLru
78881,8hjKo
78881,BVo4S
78967,ApTZL
78967,BVJ1t
78967,6I7I
78967,BVU2T
79013,ApT9r
79013,BVndl
79036,ApThw
79036,7TbH
79078,ApS70
79078,BVWli
79100,BVJ3k
79258,BVJwB
79258,ApTOT
79258,BVlip
79258,BVuxb
79593,5ti8
79593,ApLjD
79593,5xMW
79593,ApQqA
79593,ApLjE
79767,5eVh
79767,ApTVW
79767,6ndI
79898,BVO5x
79898,ApOFQ
79898,ApLrh
79898,5rVT
79898,ApNxP
80023,ApStl
80023,13kZA
80494,7QOj
80494,ApLZD
80494,ApT7c
80494,BVJ5M
80494,BVv0f
80494,BVNs2
80549,ApLo9
80549,ApRtk
80623,ApSu0
80623,ApLe8
80623,ApUPN
80623,ApU1C
80623,BVeHH
80623,7RT5
80779,5p35
80779,BVVOU
80779,ApSLQ
80779,ApTvi
80779,ApUaK
80839,ApM20
80839,ApRCN
80867,kNmr
80867,BVWix
80867,5EGO
80867,ApRc3
81103,ApO0J
81103,ApRO3
81103,ApOFz
81103,81Hi
81103,ApR1o
81103,BVaZm
81350,7qAP3
81471,ApNxY
81471,ApMEz
81595,BVcYo
81595,BVtbk
81595,ApUhe
81595,BVIoi
81635,7qFs
81635,ApUR1
81635,ApTBb
82139,cZkFz
82139,cZtA7
82139,ApQte
82139,BVli7
82180,BVkrA
82180,ApSj3
82180,BVs3L
82180,BVcF2
82180,ApQy1
82180,ApR24
82180,btpxM
82180,BVIol
82180,BVdeR
82180,ApQW1
82180,8ZQHH
82180,BVQ5J
82506,ApRHz
82506,8Iq4v
82506,ApQfa
82506,7jtQ
82506,ApSWN
82506,BVJAd
82506,ApLf1
82506,ApO4k
82669,5ZWL
82669,ApLRr
82669,7iyq
82745,ApTW5
82772,ApMRB
82772,ApSlJ
82772,BVcoX
82778,kmnl
82778,ApQvt
82778,BVNXr
82778,5umC
82778,83yY
82778,ApRcc
82778,ApRD4
82778,ApT61
82887,cZq6P
82887,cZs6O
82887,ApV67
82887,8IQh
82898,7iB3
82898,6Fbi
82898,ApOBz
82898,7NgA
82898,ApR8f
82898,BVPH7
82898,ApOKv
82898,ApTsj
82914,1EGkM
82914,ApQtj
82914,BVSQE
82914,ApRzS
82914,BVs8a
82914,ApLb4
82993,ApUg0
82993,ApRTB
83043,BVuMX
83156,ApRo6
83156,ApLMZ
83156,kuO4
83156,ApUPY
83197,kun6
83197,ApUNC
83197,ApRVs
83197,BVIop
83197,ApRHC
83197,8G0U
83258,8BbX
83270,ApQi3
83270,cZtk6
83270,ApSxB
83270,cZqFo
83270,ApSWb
83285,5Otg
83285,ApRnC
83285,6Kj0
83285,5njs
83285,kMXm
83285,BVpAU
83285,BVQ6r
83285,BVXRY
83285,8gccl
83285,ApUiB
83285,knka
83285,BVJG3
83285,BVO78
83285,BVJFv
83285,ApQpo
83285,BVUE4
83285,BVLgR
83472,BVJH4
83472,ApSIj
83472,5p2w
83472,ApQkf
83472,BVUOH
83472,BVNi8
83472,BVO9M
83472,BVJI6
83472,BVNs1
83472,82vJt
83472,ApRwA
83472,BVep4
83472,BVhVz
83472,BVJI8
83472,BVQph
83472,ApNxi
83472,ApNvZ
83472,ApUCG
83472,ApQw2
83472,BVLgL
83472,ApQyZ
83472,BVRJM
83472,BVYcM
83472,BVO9L
83472,ApLKa
83472,8f4lK
83499,5TZE
83499,ApROH
83595,cZtKD
83603,BVSEA
83603,ApO3u
83603,BVeKh
83603,ApRIi
83603,ApLY9
83603,BVfQe
83603,BVSE8
83603,BVcnc
83603,BVoVq
83603,BVeXu
83603,ApQlR
83603,ApSKu
83603,BVYNN
83603,5VMG
83603,BVlj1
83603,ApTtq
83603,kuI0
83603,BVK8D
83603,BVWaR
83603,BVSpZ
83624,7zaP
83624,kODd
83624,5ylb
83624,BVNcI
83624,ApNwi
83624,caBE1
83624,7zpTK
83624,BVpnW
83624,ApQyR
83624,ApUIa
83624,BVWTQ
83624,kRHI
83624,5u42
83624,BVm5i
83624,BVQHd
83624,6G8Z
84001,BVkEh
84001,ApLbU
84108,ApLYd
84108,6yuq
84108,ApQhl
84402,ApSVw
84402,BVUXi
84402,ApR6J
84462,BVSdp
84529,ApR6m
84529,BVisT
84618,BVQQp
84618,BVlK6
84811,ApRDT
84842,ApMHK
84909,ApQux
84949,ApSWD
84949,5cAq
84949,ApT3Z
84949,kMge
84949,ApLR2
85053,BVtc8
85053,ApTRX
85327,ApUsO
85500,6m2u
85500,ApMJg
85500,6H3d
85500,6H3V
85500,BVLg5
85581,642s
85581,BVNXh
85581,6D3I
85581,BVNJh
85791,ca7rz
85791,ApTh7
85971,8DhTv
85971,BVcYk
85971,BVZx6
85971,7Rly
85971,ApMQ6
86164,BVQHe
86164,kn1c
86164,5ZaQ
86164,ApQhv
86164,ApUwu
86175,ApQvf
86562,BVJig
86630,ApT9y
86630,BVXJR
86707,7v32
86707,ApS4V
86707,BVTdL
86809,BVoTV
86809,BVUE2
86826,ApTyq
86826,BVXLK
86826,BViYA
86826,kmvs
86826,BVWs3
86826,BVoGa
86826,ApMTM
86826,8XnPX
86826,ApR9h
86826,7GSx
87154,8BpC
87154,ApRnH
87154,ApS7N
87154,ApLLp
87154,ApQyV
87154,ApRDH
87154,BVkB1
87154,ApM9T
87154,82LO2
87154,kUGt
87154,BVssD
87154,BVXrM
87154,BVLgJ
87285,7ZBME
87285,ApQig
87285,BVPRK
87342,1EGp0
87342,89r5W
87342,ApR2Y
87342,BVkd5
87342,ApR2X
87342,BVl7L
87342,ApQeb
87368,ApRpq
87368,ApSx9
87368,ApLjm
87368,ApQak
87368,6STZ
87455,BVO3Z
87567,5CQx
87567,BVLgH
87819,79kH
87819,ApRQE
87819,1EGzN
87819,ApQgc
87819,BVSxO
87829,BVnR5
87835,BVTHv
87835,ApOL3
87835,ApNyI
87835,ApRnS
87835,8FOBI
87835,BVepD
87835,ApRr8
87835,ApSEX
87835,kuos
87835,ApRZC
87835,ApNzc
87835,6iK2
87835,BVOOa
87835,5ENc
87835,ApSTE
87835,ApQdn
87835,BVhcS
87835,ApRJH
87835,ApUlb
87835,ApSgo
87835,ApR8Q
87835,53t2
87835,BVoNC
87835,ApLvE
87835,BVJCW
87835,BVcbG
87835,ApUIy
87835,ApM5o
88203,BVnNq
88203,BVO79
88203,ApRYr
88573,cZxv3
88704,ApOFV
88704,BVJKJ
88843,ApR1R
88862,BVaS7
88928,ApRSX
89386,ApRFc
89386,ApLQ3
89386,BVSlF
89386,ApRww
89386,BVpWc
89386,ApMAs
89386,ApM23
89386,66OW
89386,ApMOS
89386,BVLt1
89386,7aOJ
89386,7Wg8
89386,5YlI
89386,ApTUp
89386,ApTUo
89386,7o1X
89386,BVcS3
89386,BVjGP
89386,BVUOL
89386,BVinj
89833,kusf
89833,BVric
89911,ApLwT
89911,ApO25
89911,BVR2v
89920,BVXMN
89920,ApRKP
90320,BVYAH
90320,kna6
90730,8JPx
90730,BVRs9
90730,BVpF0
90730,ApLyH
91342,BVqDp
91343,BVqDp
91396,BVXEx
91396,ApTZF
91396,ApUu8
91396,ApUu9
91439,BVNwk
91439,BVoFs
91439,82wKq
91487,cZzoN
91651,ApS7V
91651,BVYHQ
91651,7XvEe
91651,69ZO
91684,ApRA6
91684,BVqFE
91684,BVeou
91684,ApRSe
92059,BVMtA
92059,ApShl
92059,ApLXM
92059,7qAVl
92059,BVTXZ
92159,kLt4
92574,BVMZm
93295,1EJXv
93295,BVUOV
93321,ApRVv
93321,ApRC8
93850,ApSYZ
93928,ApLX6
93928,5TZE
93928,7ZBN1
93936,BVImI
93936,BVrBc
94176,ApSJ5
94176,keEj
94176,8Cyj7
94176,5rWC
94176,7mYH
94180,ApUFM
94180,BVRS6
94460,6cft
94460,BVO33
94460,7z3OY
94460,ApTvA
94460,ApT6y
94460,ApQiZ
94460,ApNyF
94460,BVNY1
94864,BVa94
95033,ApS6Y
95033,BVink
95033,kMzU
95033,68O3
95033,7wcf7
95033,7zpVU
96487,7zpFc
96785,ApMAL
96897,ApRMO
96897,ApT14
96897,ApS4n
96897,6aCC
97126,BVZSf
97146,BVU1t
97146,ApRnM
97146,BVTm6
97146,ApS9u
97146,ApSh1
97188,ApUHI
97188,ApRYq
97247,BVlIl
97247,7znzm
97478,BVcwB
97570,BVebX
97570,ApMSu
97576,7xo00
97753,btqLv
97753,cZnMA
97753,cZhC7
97753,cZpZA
98110,6HOn
98110,ApO13
98110,7ZBFe
98110,BVoN4
98114,BVWgd
98350,ApU68
98350,ApR67
98350,BVmq5
98391,ApLkS
98391,kntk
98392,BVKZM
98392,BVRad
98392,ApTh7
98392,ApSk4
98392,BVcAt
98392,ApV44
98392,BVUPX
98392,BVJEp
98659,ApQwU
98796,7ZBMT
98796,ApTy6
99167,6Uqa
99326,ApSiu
99326,ApO98
99326,6PCt
99326,ApMPV
99326,ApOAh
99326,ApO2V
99750,ApUZ7
99750,BVJ7t
99872,kQGY
99931,5cVd
99931,ApUah
99931,8InF6
99931,ApUnO
99931,6Jto
99931,7zrvH
100059,BVLdt
100059,btpXD
100059,ApMMr
100059,ApQhD
100059,ApLwC
100059,ApUIK
100059,ApQcK
100059,ca2Qh
100165,ApQyO
100165,6Z2Z
100165,7XY5
100189,ApMMy
100189,ApU7i
100189,BVNaN
100318,6fwD
100908,BVTdI
101079,ApS7J
101206,BVW85
101206,ApRT0
101206,ApSAu
101206,BVfQh
101299,1EGsp
101457,BVTli
101457,ApNxH
101457,ApSIf
101457,BVNwt
101457,ApQZ7
101588,ApMQw
101665,6t13
101816,BVU9X
101867,7xjOL
101935,7yyrh
101935,7qASH
101935,61Ao
102020,7zphM
102020,BVSgW
102020,ApLgm
102033,7JrR
102212,ApOLy
102254,ApNwF
102254,ApLUq
102254,ApSP4
102254,BVJoW
102254,ApQgn
102254,BVV1F
102254,8Ajji
102254,ApQju
102254,BVTNA
102254,BVli8
102254,82zv
102254,ApQht
102254,ApRZD
102254,5zhF
102254,BVLg8
102254,ApQkq
102254,ApNwE
102254,ApQgl
102254,BVlLu
102254,ApSGr
102336,BVR1u
102336,7rt4
102336,BVJo7
102336,7Uef
102390,ApQlR
102411,BVwx9
102413,ApO31
102544,ApO0p
102544,ApQlm
102548,ApTRA
102548,ApM1x
102548,ApRn1
102621,BVUh0
102621,BVYvN
102621,btpWV
102621,ApMLJ
102621,76fw
102621,ca3wf
102621,55h4
102621,6UX1
102621,ApUlU
102621,BVqFG
102625,BVUCF
102625,ApQjF
103028,ApQha
103028,ApMPY
103152,ApQyb
103152,cZpPF
103152,BVJq3
103152,cZyoH
103198,5fSP
103252,74BW
103379,BVhdf
103381,ApTQI
103381,89qw3
103381,ksHz
103381,ca8MC
103381,BVJpu
103381,BVO71
109679,BVsAF
109679,8HrmY
109679,knjy
111498,6HZi
125710,ApQyl
126854,BVk4w
128532,8Im79
128549,BVmqX
128549,BVc7Z
128549,BVpJd
128549,6P3A
128549,ApRS6
128549,BVm5j
128549,BVdzG
128549,ApStm
128549,ApQkW
128549,ApTQR
139820,kuPE
139820,BVj85
139820,BVQHf
139824,BVcwP
139824,ApLmL
139824,ApTyR
139824,ApSU3
139829,7ugUu
139873,839R4
140069,ApTyK
140069,ApMK1
140081,ApMNQ
140587,btpWU
140587,ApRST
140587,ApT8w
140587,BVNWa
140587,1EJFL
143924,7vuc4
146580,ApQo9
147655,7zppp
153700,70np
153919,BVQ5P
153919,cZuEK
154387,7zpgE
155115,ApLXS
155115,ApSIO
155115,ApSJk
155115,ApTRg
155115,71RT
155116,71RT
155116,ApTRg
155116,ApSJk
155116,ApSIO
155116,ApLXS
155800,65tc
155860,knl1
155860,BVkxk
155935,ApRM5
156190,ApMSy
156190,5OlM
156212,ApRSP
156920,kbvm
156920,BVUHF
157275,8CyiN
158518,BVYDx
158518,kuP5
158689,kVYJ
158689,BVXG8
158689,ApSVh
158689,13kZs
158689,BVTgJ
158689,BVj84
158689,ApThE
158797,ApQWS
158983,7CQu
159388,6Fio
159797,ApS6N
159797,ApTxS
160202,BVRjY
160202,BVc3u
160342,ApSUO
160539,BVdPF
160783,BVRF7
163148,7Ejx
163154,BVXTc
163863,BVh12
163864,7qAUo
163926,5NoW
163926,kusx
163934,ApTVJ
163934,ApSwf
163988,BVUh3
164029,btopA
164029,ca8JO
164029,kupj
164191,BVcw4
164191,BVnZB
164191,kueY
164191,BVOAA
165388,BVXxl
165542,ca1hB
165723,7uYlX
165723,btpdG
165723,BVoDn
165723,6xoG
165928,ApMPW
165928,ApTBY
165928,6Ykc
165928,BVg5X
165928,BViPw
165928,ApRV0
165928,6XjB
165928,ApUIV
166206,5QDl
167149,BVnlu
167149,6mxt
167149,BVpRc
167149,ApLnG
167149,ApRUw
167149,BVhR9
167149,BVnHO
167475,6x5S
167475,89qCo
167489,6FSn
167725,89qcr
167725,ApSVr
167725,ApUW1
167725,ApTS3
167725,BVepA
167726,BVepA
167726,ApTS3
167726,ApUW1
167726,ApSVr
167726,89qcr
168103,BVOOf
168103,13kZ3
168103,ApMTE
168103,BVjl5
168103,BVwn5
168103,ApStb
168103,5KLw
168103,82AI
168103,BVdzH
168530,ApRL4
168530,knD3
168685,5ZWC
169430,BVeO1
169430,BVOOX
169430,BVnuC
169580,ApQX2
169580,BVUXp
169580,ApRpM
170019,ApR6V
170019,ksLv
170109,ApV1y
170690,ApM3K
170690,kmtd
170690,BVcbG
170692,kYww
170694,ApRxX
170694,ApU7l
170694,kuqe
170694,5OaB
170694,kOag
170694,ApLXZ
171902,1EJUC
172696,cZtKF
172696,cZpVU
172696,6URR
172696,BVLe5
172696,BVwre
172696,cZzq2
174967,cZiM8
174967,ApTlG
176006,BVRlI
176006,BVYNB
176006,ApO3T
176006,BVwR6
176006,ApRLf
176006,ApO79
176006,ApTQh
176006,ApO65
176200,7OEI
176376,ApRHv
176875,BVODD
176875,8BFE
176875,ApSW2
176875,7uYz0
176875,BVUhE
176875,BVn7P
177106,890hj
177106,BVnHW
177106,BVQHb
177106,5Q8c
177946,cZsfk
177946,cZsfl
177946,ApSfT
177946,btr6Y
177946,cZsfi
177946,cZsfj
177946,btpWM
177946,cZsfm
177946,cZsfn
178230,BVp6p
178230,BVeoZ
178230,BVP02
179504,BVefn
179504,7zpr5
179504,ApR6E
180337,BVW0m
180435,7kku
180435,ApLRb
180435,BVZRy
180435,kxFo
183351,7ugVv
183351,knD3
183836,7uZ3C
183836,BVnfI
183836,ApM32
184354,kxd5
184354,ApSIz
184354,btikV
184356,kmrU
184356,BVt1l
184491,ApSu1
185308,BVhWI
186535,ApQw0
186641,8CyHd
186641,knZg
186641,BVLgN
186641,ApRRw
186641,ApLrf
186641,BVfyb
187076,ApLXV
187881,ApRHU
191357,BVVxw
192215,ca9rx
192215,BVKIK
192215,ca3nv
192215,ca69t
192215,caAUL
192215,cZtJN
192512,kJlo
192512,kuRy
192512,ApTR3
192512,ApLjB
192512,BVjzB
192871,BVSrE
192871,ApRSD
192871,kuSP
192958,BVU1z
192958,ApQif
192958,7vugC
194951,kusE
195896,kuoR
195896,BVXSR
195896,BVXrJ
195896,ApStR
195896,BVTLr
195896,ApMT2
195896,BVOzr
195896,BVsb8
195896,ApTaR
196232,ApLbS
196232,BVhW5
196271,kxqR
196271,BVLgA
196271,BVqFa
196271,ApMR4
196322,ApM7P
196322,ApS6u
11637079,ApUIw
11637079,7xo0t
11637079,BVTTO
11637134,ApUMO
11637159,BVm1u
11637159,ApR9k
11637250,BVhOF
11637250,ApR2q
11637250,BVcwI
11637250,1EGk4
11637380,ApMSg
11637380,BVWaJ
11637380,ApUIT
11637680,BVprd
11637680,1EHDh
11639765,1EJTS
11639877,ca8Iz
11639877,BVc3m
11639877,ApSCP
14555445,ApT7I
14555445,ApTm1
14555457,BVv5z
14555466,ApQsi
14555470,kRFX
14556532,7ZBSJ
14556532,BVYya
14556881,BVm7F
14556881,ApRFi
16797473,7qAVv
16797625,7qAOv
16797776,ApLXU
16797776,kuqK
16958393,ApMBo
16958393,ApQgb
17245633,ApStP
17245633,7vua5
17265942,BVn7Q
17266066,BVcMC
17266066,7vugK
17266066,ApRR0
17266066,BVLgK
17266066,BVPoL
17266066,ApQyg
17266066,BVlLt
17266066,5Z3Z
17266089,ApMTV
17266125,7vua5
17332821,BVSMr
17332821,kmnl
17332821,BVqTW
17332821,BVMW9
17643099,BVUiv
17643099,BVUiu
20000009,1CZz8
20000010,ApT21
20000011,8WhR5
20000016,BVZhj
20000016,BVprX
20000039,ApLPn
20000049,ApRae
20000066,BVl83
20000066,7vuhn
20000066,BVi9J
20000078,7uzKR
20000078,ApQzd
20000078,ApQWa
20000078,ApOIo
20000078,BVJim
20000078,BVKA1
20000078,ApLfd
20000078,BVi9F
20000078,ApU6C
20000083,ApMMz
20000084,ApMM2
20000084,BVtQQ
20000091,cZzbg
20000091,cZtK5
20000091,btptA
20000091,btrDt
20000091,cZsfc
20000092,kHKs
20000092,ApV8O
20000097,BVXIp
20000100,BVd4p
20000101,ApV9F
20000137,85rrs
20000137,BVTnQ
20000144,BVlm2
20000145,BVKvr
20000154,7uzPQ
20000154,ApMPR
20000159,BVuz5
20000159,BVQ4q
20000159,BVJio
20000159,BVXsk
20000159,BVc2S
20000176,cZfXs
20000182,5Ilc
20000182,ApTb8
20000197,BVQxg
20000202,ApLXT
20000203,BVnfL
20000207,BVNTF
20000207,BVmQY
20000207,ApLgc
20000207,BVU9v
20000207,BVpQW
20000207,BVLgS
20000207,8G3ap
20000235,ApStv
20000274,kuc6
20000303,ApTsc
20000303,8HUT
20000303,BVUEl
20000310,5IrE
20000348,BVZxX
20000348,BVWRf
20000348,BVOZk
20000348,BVO6d
20000348,ApR65
20000393,6aC3
20000393,BVU3x
20000423,ApRz7
20000477,ApM3T
20000479,ApQyN
20000479,ksFz
20000511,btp7x
20000542,ApR0u
20000542,1EJQ4
20000542,ApUjV
20000542,5QT9
20000558,BVZxy
20000558,7vlUa
20000558,BVUIb
20000566,BVS5N
20000566,BVS5M
20000567,ApSMC
20000567,BVjV8
20000567,BVh15
20000567,btmnO
20000568,8ZRbv
20000570,ApRHj
20000581,BVkzr
20000604,5b08
20000604,BVeC7
20000604,6b98
20000604,knkj
20000604,ApLRZ
20000604,ApQiq
20000624,BVVKV
20000624,ApRnx
20000624,BVeCU
20000624,BVYCZ
20000624,8Ss2o
20000624,ApQzI
20000624,ApUzV
20000624,BVRrt
20000624,BVoaP
20000624,ApR4O
20000683,ApTyU
20000683,BVYN4
20000683,ApRHL
20000687,BVjuG
20000687,ApQss
20000687,ApM1d
20000687,8GGJI
20000687,BVSOy
20000687,ApLjq
20000720,BVJ5K
20000729,ApLh6
20000733,BVeY2
20000740,BVM3G
20000740,BVqG1
20000740,BVKTw
20000740,BVUXw
20000813,ApRZU
20000845,kuRp
20000845,ApQah
20000845,kExv
20000845,ApLQG
20000845,ApS8B
20000852,84wMQ
20000852,BVKmT
20000853,BVLcZ
20000854,8YWtq
20000860,74RJ
20000881,ApNxc
20000881,ApOGu
20000881,BVJ7P
20000881,ApLht
20000881,BVJfj
20000881,ApO0Y
20000881,BVRvW
20000881,ApSL9
20000881,7UO8
20000887,7q8Uy
20000903,ApLzA
20000903,8FMMk
20000904,ApTZR
20000904,ApStO
20000904,ApLXr
20000904,7vFLF
20000912,8G5uY
20000927,7ksSz
20000927,BVYNP
20000929,ApSSO
20000929,BVK7r
20000929,ApSKR
20000929,7yyqn
20000929,BVSfC
20000930,ApQje
20000930,5q54
20000930,ApSgN
20000934,BVgqi
20000940,BVPMK
20000961,ApUq5
20000961,BVTnp
20000961,ApSXS
20000961,ApUq6
20000961,BVJqB
20000961,7za3D
20000964,8CLU
20000968,BVwpS
20000968,BVW55
20000982,BVl8P
20000982,7wzx
20000982,BVi9O
20001001,ApVAP
20001003,BVLbx
20001042,8JOD
20001056,ApR8J
20001056,77TU
20001056,ApSvC
20001056,ApR6d
20001073,5gvP
20001084,BVOOj
20001091,8hjDp
20001091,ApQza
20001091,5i82
20001100,BVORR
20001111,5kyJ
20001111,BVWMT
20001117,ApRbH
20001117,BVjV4
20001122,5lGS
20001145,BVOOd
20001155,BVXpe
20001155,838E6
20001159,ApREF
20001182,8AfPa
20001182,BVKQ6
20001186,BVSrq
20001201,BVaza
20001201,cZkEU
20001239,ApSVs
20001282,BVcce
20001287,BVJQu
20001287,ApRaI
20001301,839U8
20001301,BVo0K
20001320,ApSzr
20001320,BVVpQ
20001320,BVLsh
20001350,7vubo
20001353,BVPGW
20001353,BVv1p
20001378,BVUXw
20001382,ApSdc
20001386,ApLiE
20001420,ApQiM
20001420,BVLgF
20001429,cZjp8
20001496,BVpnz
20001496,BVl3x
20001496,ApTQy
20001496,7ynT
20001496,ApRRh
20001496,6NT1
20001496,ApRwx
20001496,ApTmN
20001496,ApO2k
20001496,7tEu
20001523,ApRZW
20001529,62lN
20001548,ApMFL
20001548,BVRBs
20001614,BVO9y
20001614,BVX1y
20001621,ApUTv
20001633,BVx4A
20001643,BVm23
20001646,BVUmZ
20001646,8eMLH
20001647,8G3GM
20001655,kmo3
20001667,6A16
20001674,ApSDd
20001677,ApRnD
20001677,ApLtp
20001677,ApUfS
20001677,7zb4s
20001681,ApRop
20001681,ApRxr
20001681,8BxUL
20001743,BVO5z
20001759,BVv6r
20001761,6Cfb
20001762,BVTyq
20001792,1CaCp
20001794,1CaCp
20001799,ApUIZ
20001799,ApLc1
20001799,ApTiG
20001801,BVs7b
20001820,ApRBo
20001820,ApR9w
20001834,6Eqo
20001834,BVNcT
20001874,ApTfj
20001897,ApMCH
20001905,8ChOD
20001913,kxrA
20001918,BVJL7
20001924,ApOCp
20001925,BVJPH
20001927,7zpCd
20001936,ApRkr
20001937,6zf1
20001975,6L9S
20001975,BVJHk
20001985,8AJ8m
20001996,ApO3n
20001997,89qup
20001999,ApMJx
20001999,BVPcs
20002000,btpUM
20002000,6NT1
20002000,6WZK
20002000,ApRZV
20002003,BVjVB
20002006,7wqHO
20002026,BViyP
20002027,BVfQZ
20002056,cZioS
20002058,ApQZZ
20002058,BVWCs
20002058,BVnI6
20002058,8FCwG
20002203,cZqFo
20002266,7zCnP
20002277,ApRWV
20002315,knkG
20002325,BVJOr
20002332,6d7H
20002333,BVJZN
20002334,8FvQT
20002344,1EJXe
20002344,8AVqm
20002344,BVYZu
20002344,6e6K
20002344,7EhT
20002358,ApMR0
20002367,ApS4d
20002384,ApSIq
20002384,ApUke
20002384,ApUko
20002384,ApMKd
20002384,BVY6I
20002409,80FR
20002409,8C1P
20002409,7wwC
20002412,BVbtp
20002421,BVo8i
20002425,BVVJl
20002425,BVLs9
20002425,ApR63
20002425,BVmnC
20002425,BVPuu
20002425,BVWPI
20002426,ApM73
20002426,ApRg6
20002426,ApSqb
20002453,ApOLm
20002460,BVwkm
20002460,8HAq3
20002460,ApROG
20002474,6w1v
20002474,ApRej
20002474,7WwP
20002476,7ywx5
20002481,btpZD
20002501,ApLLG
20002501,BVluL
20002503,ApQqE
20002503,ca9ZR
20002503,1EJPn
20002503,6koI
20002505,kn0J
20002517,ApLm0
20002524,ApQmb
20002543,7klgl
20002551,BVJEr
20002574,ApQvz
20002574,13kbW
20002574,BVcw8
20002577,6nCJ
20002577,ApRrt
20002577,ApSlt
20002577,ApUPI
20002583,83872
20002593,BVNfq
20002603,ApR7V
20002603,kSl3
20002628,ApR6K
20002659,ApUf0
20002695,BVMqR
20002695,BVUXd
20002695,BVOBG
20002695,BVJHZ
20002749,ApV1v
20002762,BVa2e
20002802,ApTBW
20002805,ApRu1
20002860,BVeLU
20002885,839RE
20002887,7zp5W
20002892,ApRFF
20002895,BVJ5H
20002895,ApSL8
20002914,7XvPc
20002918,BVURZ
20002918,ApUjg
20002926,BVagi
20002939,70kb
20002956,ApSAL
20002973,ApM3i
20002979,ApRcL
20003020,BVImX
20003040,ApR6n
20003040,ApO4v
20003047,ApRuB
20003047,ApM99
20003047,7xeh
20003047,BVack
20003047,7vug4
20003047,ApTC9
20003047,ApTyS
20003058,BVfEn
20003109,ApS7q
20003109,BVK79
20003119,BVWCw
20003123,8YWok
20003138,BVJGZ
20003138,BVJH5
20003153,BVhdf
20003196,BViU3
20003201,BVaIk
20003201,7wl09
20003201,ApUFI
20003201,ApT5V
20003234,8Z8oD
20003234,ApSVj
20003235,BVl9p
20003235,BVSjM
20003250,BVSP9
20003250,ApRFY
20003295,ApO53
20003295,ApO5V
20003295,kuqn
20003413,btpdn
20003424,BVmYD
20003424,ApRLS
20003446,BVPvK
20003462,BVo7h
20003515,btp99
20003515,ApTha
20003515,BVJ6x
20003540,5Gau
20003540,BVS5M
20003540,BVS5N
20003544,cZjaS
20003544,btnpz
20003581,BVtv6
20003581,8EMNv
20003581,BVURU
20003585,ApUOT
20003585,8hiAb
20003596,7UZc
20003605,ApM7Q
20003605,ApLPm
20003605,8JMC
20003605,BVTLn
20003605,BVNXy
20003605,BVWTO
20003605,ApOJU
20003619,8e4Sx
20003625,8HzvV
20003661,cZtVR
20003661,cZtV2
20003661,cZtVH
20003672,88qbz
20003672,BVXO6
20003676,7Xln
20003696,BVIyq
20003744,cZtKL
20003744,cZtKK
20003744,BVUK6
20003744,BVagj
20003744,cZfmB
20003744,cZtKM
20003773,8Hs1l
20003773,btr6Y
20003773,BVYhS
20003805,7ksGD
20003841,BVNUQ
20003841,7zb2K
20003865,BVmVt
20003865,ApMDi
20003899,8WZqj
20003899,BVOA9
20003899,BVvuA
20003910,7zCrf
20003931,BVW01
20003935,ApTfB
20004021,BVP2H
20004022,BVP23
20004028,7xk3T
20004093,BVSwC
20004099,ApR4z
20004099,ApSil
20004105,BVfW9
20004105,7zpgE
20004105,BVYNO
20004109,BVZhc
20004158,BVP01
20004158,ApLR4
20004158,BVlfh
20004170,7ZBRA
20004174,BVOza
20004183,7uj5
20004184,BVVNS
20004190,839ZK
20004198,BVW87
20004237,13kZd
20004237,BVcOm
20004238,BVnv1
20004268,ApLxP
20004270,BVmVs
20004270,BVs9I
20004316,BVNXV
20004355,ca47V
20004355,BVqi1
20004365,BVWTV
20004394,BVeoo
20004406,ApQkm
20004406,ApSUb
20004406,BVQpR
20004406,BVO6M
20004406,BVQ5K
20004439,BVPpz
20004456,BVTs3
20004480,1CZdN
20004481,7XvUs
20004504,BVYOu
20004504,8ZBIT
20004504,ApR0Z
20004504,ApRLO
20004504,BVXRg
20004504,BVP8H
20004504,BVNdO
20004530,ApLPt
20004530,BVKAF
20004530,BVg8v
20004530,BVcw0
20004530,BVKAG
20004530,BVksy
20004564,ApMCk
20004580,838Kt
20004581,7vWFE
20004619,ApLJG
20004633,ApQjZ
20004635,ApUix
20004646,cZna0
20004646,ApLOx
20004646,7ksGs
20004646,BVuzv
20004646,ApU1r
20004646,BVmXB
20004652,BVYoQ
20004652,BVQ2g
20004689,BVlsi
20004689,ApRxh
20004689,BVvGu
20004689,ApRxf
20004689,ApUcn
20004700,8O0f
20004724,btr2e
20004734,ApTAt
20004741,ApTCD
20004741,ApRkf
20004741,BVJpg
20004741,kAuY
20004768,BVih3
20004772,BVrnY
20004780,7klM4
20004788,BVeBi
20004818,BVm04
20004819,cZrT9
20004819,ApV3i
20004819,ApQta
20004819,cZsiu
20004823,ApTVr
20004838,7klNJ
20004845,ApSCD
20004845,BVYVc
20004853,8ZFFD
20004884,8Win6
20004885,8Win6
20004885,ApLbf
20004906,BVYwj
20004962,82whE
20004974,ApRIB
20004974,ApQnR
20004999,BVOPk
20004999,8D0UL
20005022,kLwl
20005099,BVwoI
20005123,ApRdF
20005123,ApRdG
20005123,BVOqk
20005123,BVspb
20005123,ApQpJ
20005132,BVarQ
20005133,ApMKB
20005133,btpds
20005133,ApUZC
20005133,BVSWR
20005133,btpdr
20005142,ApTf4
20005148,7yzCm
20005165,kms3
20005170,ApSta
20005170,BVm1v
20005170,ApQiY
20005172,ApS72
20005172,BVm1q
20005172,BVoaY
20005178,ApQsr
20005191,13kbB
20005195,BVYKD
20005195,kmuT
20005222,BVp1r
20005224,86mm2
20005224,BVNUm
20005224,BVUas
20005224,BVWOM
20005224,ApQWd
20005251,ApT9P
20005251,ApUIe
20005284,BVWWz
20005333,ApQr0
20005341,ke2y
20005345,ke4j
20005348,keIC
20005355,1CZuz
20005447,BVpHB
20005447,ApRmw
20005458,ApRoX
20005536,5QxR
20005536,BVndk
20005536,BVOIW
20005536,BVOIb
20005536,BVOIU
20005536,BVndj
20005543,BVTlu
20005543,BVYVb
20005558,ApQmg
20005572,ApTpr
20005572,ApTgJ
20005664,ca9ec
20005709,ApR7H
20005710,ApSIp
20005718,ApQjX
20005718,BVUOG
20005718,ApLuZ
20005724,ApMCb
20005724,ApTek
20005724,BVmA7
20005724,BVTs2
20005727,ApUOi
20005736,ApRHn
20005736,BVeAK
20005744,BVwvk
20005744,ApMSi
20005744,BVwvj
20005744,BVSAC
20005754,ApQcb
20005762,BViYC
20005763,BVjDm
20005763,8eMjp
20005763,BVuAC
20005763,ApMEJ
20005763,BVeGb
20005773,8egyB
20005773,BVJPz
20005872,8ehhG
20005876,8gb9m
20005876,BVl7M
20005876,ApRoo
20005928,ApRlW
20005928,BVaPj
20005928,8a2Dp
20005928,ApMFN
20005971,BVtcD
20005971,ApUld
20005971,ApLJc
20005971,ApTyG
20005975,kSf1
20005977,ApSA9
20005977,BVgDz
20005977,ApSAq
20005977,BVM2o
20005977,ApLqS
20005977,BVszm
20006001,ApR6A
20006003,kEFB
20006010,BVSeC
20006062,ApUV7
20006115,68SV
20006125,BVK6D
20006246,8ehq8
20006278,BVXRb
20006278,ApRoS
20006285,BVRQs
20006287,BVeeg
20006289,7vuZZ
20006304,ApS6f
20006306,ApRS4
20006307,ApLPj
20006307,ApRRo
20006307,BVOOp
20006307,BVUTB
20006334,BVNSN
20006350,5lf1
20006350,BVJIX
20006350,BVQHz
20006418,BVmef
20006418,85lnk
20006418,ApRt6
20006418,ApRmv
20006418,ApLPq
20006422,ApLPs
20006436,ApLPy
20006436,BVStc
20006439,ApSW1
20006439,ApSXS
20006439,ApT8m
20006439,7za3D
20006444,ApQhm
20006460,BVaZe
20006460,8efGy
20006461,BVnpy
20006461,ApLQL
20006461,BVf25
20006461,BVUhD
20006469,BVRS1
20006469,ApLTn
20006469,ApUqB
20006469,ApRgv
20006469,BVmQT
20006469,BVsPE
20006469,ApLQ5
20006469,ApS8A
20006496,8f5Uz
20006555,ApLVr
20006555,ApLVp
20006555,ApLVt
20006575,ApLSf
20006586,BVnHL
20006586,BVQHX
20006587,BVgSC
20006597,ApLQ6
20006610,ApLcU
20006611,ApS6x
20006626,ApLQf
20006700,ApLQu
20006700,BVi9I
20006700,BVeXW
20006702,ApLPo
20006704,BVIqD
20006707,ApTyc
20006716,BVoqX
20006716,BVYNt
20006717,BVNSL
20006721,ApLRA
20006756,ApSDK
20006772,ApUfN
20006772,BVOVV
20006777,BVkHB
20006844,ApLW1
20006845,BVQ5o
20006845,BVeZk
20006845,BVMAg
20006845,BVOsw
20006845,ApLlx
20006845,BVSyG
20006919,BVUJ4
20006919,ApLTz
20006920,ApLTz
20006924,ApLTC
20006966,ApLW3
20006972,BVhQ5
20006996,ApOAz
20007001,BVcOu
20007004,ApLSl
20007007,BVl4P
20007024,BVIoj
20007024,ApLTA
20007031,ApNwM
20007031,BVYVf
20007039,ApUOf
20007039,ApTsX
20007064,BVUAH
20007105,ApR64
20007120,ApMAW
20007120,BVU9u
20007143,BVT0S
20007143,BVqvS
20007143,BVV15
20007143,BVdT5
20007143,BVOOY
20007143,BVlE7
20007143,BVlE8
20007154,BVRKL
20007154,5eAu
20007155,ApLSk
20007212,ApM2r
20007213,ApM2r
20007231,BVkX3
20007305,BVYAI
20007346,BVJbS
20007346,ApLUP
20007350,BVX4U
20007379,BVTTI
20007379,ApMFQ
20007380,ApLX5
20007398,BVJWV
20007403,ApQyt
20007418,ApTQc
20007418,BVUMr
20007427,BVYMx
20007427,cZkET
20007427,cZqQJ
20007427,cZk0G
20007427,ApR62
20007428,BVj38
20007430,cZpW8
20007430,cZkEr
20007430,BVjtu
20007430,cZjjN
20007430,BVStT
20007430,ApLY3
20007430,ca1hB
20007438,BVTZt
20007438,BVNhv
20007443,BVhVp
20007444,BVhVp
20007445,ApQez
20007482,ApLXG
20007483,ApLXG
20007487,BVUR9
20007487,BVqFH
20007487,ApRDO
20007489,ApR77
20007489,BVJQ1
20007489,BVQXt
20007500,ApUqa
20007547,BVSXF
20007547,ApRTM
20007577,BVdaA
20007577,BVXtF
20007577,BVlaH
20007577,ApRnW
20007585,ApT9L
20007585,BVlWc
20007592,ApLYt
20007626,BVQKh
20007633,BVoDq
20007670,ApLLG
20007705,BVNh5
20007739,BVZha
20007739,ApQwB
20007739,ApLQr
20007739,ApLug
20007739,BVkdV
20007740,ApUIQ
20007741,BVJHr
20007763,BVqQ9
20007763,ApLQa
20007774,ca3v3
20007774,cZjjN
20007774,caCWP
20007795,BVOMp
20007797,ApT5H
20007797,8hio1
20007797,ApR2w
20007797,ApT5G
20007798,BVZDz
20007798,ApUTl
20007810,BVJHq
20007810,ApLPa
20007810,ApRmy
20007810,ApTfW
20007812,BVwmM
20007865,ApLhz
20007865,ApQfQ
20007870,BVnZ4
20007877,BVlw8
20007889,BVQR8
20007889,ApLab
20007889,BVVnv
20007920,ApS4p
20007955,ApUIM
20007999,ApM36
20008027,ApLbm
20008057,ApLc5
20008057,BVm2T
20008124,BVnCk
20008143,ApSTs
20008162,BVjVY
20008162,8efen
20008162,btpxX
20008162,cZkEI
20008162,cZkEd
20008162,cZf65
20008164,BVYLp
20008165,ApLNJ
20008168,ApUIn
20008168,BVTgI
20008168,BVjl0
20008188,ApUxu
20008205,cZnPZ
20008205,BVXKU
20008206,BVQzL
20008215,ApLW8
20008222,ApLJG
20008226,7zpXN
20008251,BVowp
20008251,BViix
20008251,ApLcV
20008294,ApUGd
20008294,ApLcS
20008296,BVmtY
20008307,ApLcT
20008308,ApLcT
20008308,ApU0f
20008308,ApU0g
20008308,BVsb1
20008322,ApLcn
20008332,BVK68
20008335,cZpZA
20008335,cZnMA
20008335,cZhC7
20008335,BVRJQ
20008335,cZo6K
20008335,cZrOG
20008335,ApTTe
20008335,btqLv
20008371,BVj8i
20008412,BVNWG
20008432,ApLdP
20008436,ApLdO
20008456,BVjVl
20008458,BVlfi
20008463,ApLd7
20008463,ApR5t
20008463,ApS9t
20008474,BVYZv
20008474,ApLdT
20008482,ApThm
20008514,BVpHD
20008514,BVUXc
20008515,cZfGb
20008523,BVKlA
20008534,ApQzc
20008545,btopA
20008545,ApMD1
20008547,ApLev
20008557,ApLf8
20008566,ApSU4
20008566,BVTs0
20008628,BVamp
20008628,BVRTb
20008628,ApR1Q
20008628,BVQ9w
20008684,ApLeY
20008747,5GYj
20008875,ApQkY
20008893,ApLRE
20008911,BVmAE
20008911,ApLgc
20008911,BVYNU
20008927,cZtVM
20008927,BVVk6
20008943,ApSjL
20008946,BVJrC
20008983,BVrmw
20008990,BVUp1
20009010,ApUfR
20009044,BVYUb
20009044,cZmC5
20009069,BVYMo
20009071,ApRS8
20009071,BVspa
20009082,btpUL
20009082,btpYs
20009082,btpUZ
20009082,BVWCr
20009082,BVpft
20009083,btqC6
20009083,BVrFt
20009083,btpUL
20009087,ApLh0
20009095,BVeZI
20009095,ApLh5
20009106,BVUi7
20009112,ApLhG
20009112,BVZRo
20009112,BVO3S
20009113,ApLhG
20009113,BVJG9
20009121,8F1S
20009131,8f4Xf
20009145,BVjuS
20009171,cZnfC
20009265,8WvPR
20009282,BVMXV
20009286,BVkd5
20009286,89r5W
20009299,ApRO2
20009299,BVYfj
20009299,BVkxj
20009335,ApT1C
20009336,8EbS
20009362,cZytv
20009362,BVqG9
20009362,BVNOt
20009362,BVWQK
20009362,BVNEm
20009362,BVYhR
20009362,ApTfk
20009363,ca84o
20009365,8hilI
20009370,ApRyn
20009370,ApTZY
20009494,BVkul
20009494,BVpri
20009507,BVkKB
20009507,BVomv
20009507,ApUjp
20009507,ApTxv
20009523,ApLaX
20009523,ApRcy
20009681,BVU0p
20009700,ApLkS
20009700,BVTtn
20009733,BVJDv
20009733,5uhD
20009750,ApQer
20009767,ApLxX
20009788,BVJIX
20009796,8hiRq
20009796,ApQw4
20009796,ApUMS
20009797,BVx55
20009892,cZphJ
20009911,BVjhE
20009911,BVV16
20009923,BVOP0
20009923,BVuzE
20009990,ApLme
20010009,ApLmg
20010070,BVSMx
20010086,ApMQ1
20010199,ApLmj
20010210,cZoQf
20010210,cZpes
20010227,BVO1m
20010261,ApUWT
20010261,8eLv5
20010275,BVJ4K
20010307,ApNvf
20010347,BVaag
20010347,BVSuA
20010415,ApLoE
20010417,BVUci
20010423,BVPH2
20010492,ApTwM
20010540,BVwcH
20010587,BVluY
20010691,ApLpp
20010743,BVl4j
20010875,ApLrN
20010884,ApUPD
20010884,5ZIA
20010884,BVm64
20010884,ApRmM
20010884,BVa1Q
20010884,kuaN
20010946,BVRjX
20010952,ApLt2
20010955,BVjnh
20010955,ApLt4
20010958,ApLt5
20011058,BVoaD
20011058,ApQdR
20011064,ApLtv
20011252,ApR6h
20011252,ApRcg
20011252,cZk04
20011431,ApLm1
20011510,BVkX4
20011510,BVNaB
20011559,BVekB
20011559,ApR2a
20011568,ApLuj
20011616,BVWdP
20011675,BVK6j
20011675,ApUop
20011675,ApTe5
20011696,BVp4U
20011723,ApSQD
20011724,ApSOk
20011725,BVe5q
20011725,ApMAB
20011798,cZoO6
20011798,BVn69
20011802,BVRcO
20011802,ApLvf
20011802,BVStG
20011809,ApSpp
20011839,BVKLq
20011847,BVSIQ
20011885,ApUV6
20011896,ApUV7
20011915,BVmqX
20011964,ApLzX
20011983,BVfRz
20011997,ApLyY
20011997,ApQyC
20011997,BVY9u
20011997,BVKH2
20011997,5nEF
20012010,BVJR8
20012047,BVShF
20012114,ApLNm
20012115,cZtJd
20012115,cZtJc
20012115,cZfpv
20012133,ApLzk
20012133,BVOIV
20012133,BVVRz
20012182,ApLxO
20012182,ApQbW
20012182,ApSkL
20012251,BVnK5
20012257,ApM0E
20012363,ApLvy
20012371,ApLzz
20012424,BVYAI
20012470,ApQl5
20012471,ApQl5
20012658,BVRF9
20012658,BVig9
20012700,BVYQB
20012751,ca8XS
20012788,ApRL8
20012809,ApLQC
20012825,btpdG
20012825,ApM2s
20012892,ApTsz
20012892,ApM2E
20012904,BVK8Z
20012908,ApQf6
20012909,ApUcs
20012909,BVj4s
20012928,btqu6
20012942,ApM44
20012960,BVYTS
20013048,BVMX0
20013048,BVtbf
20013048,btpX5
20013048,ApTBj
20013048,ApRtj
20013067,ApSLo
20013068,BVlK7
20013068,ApTxh
20013068,ApNxU
20013107,ApQlK
20013201,ApLxK
20013203,ApRX7
20013346,ApLQC
20013356,BVZhl
20013356,ApTQl
20013356,ApLqN
20013356,BVTrm
20013358,BVVoX
20013359,BVX4K
20013407,ApM5h
20013407,BVNok
20013498,ApSDU
20013602,BVVHJ
20013716,BVirn
20013716,ApM6w
20013755,ApM7J
20013756,ApM7J
20013823,BVegD
20013851,ApM73
20014001,BVepY
20014001,ApMSd
20014023,ApM8M
20014058,BVSOw
20014058,BVlcj
20014085,ApQfp
20014085,BVNBb
20014085,cZtKN
20014098,BVTQS
20014150,ApM8O
20014201,7uzYo
20014203,BVh9V
20014259,ApSWM
20014259,ApM9S
20014265,ApNui
20014265,ApTxp
20014278,BVmq5
20014284,BVSkX
20014324,BVSy6
20014359,ApT2A
20014387,86mi7
20014455,ApQsh
20014478,ApSKt
20014479,ApUHp
20014479,ApTPY
20014479,ApU2P
20014480,cZk9Q
20014480,ApUHp
20014480,cZpua
20014480,ApSKt
20014480,cZrsP
20014480,BVLep
20014557,ApMAK
20014584,6hAY
20014605,ApMAV
20014605,BVgGO
20014624,BVrFu
20014624,BVR7P
20014628,ApRoV
20014644,ApTBu
20014717,ApMPm
20014791,BVSrK
20014791,BVtbt
20014959,84eX
20015026,ApLJz
20015026,BVTNR
20015026,ApRHI
20015080,ApSv7
20015163,BVo07
20015163,BVNdV
20015242,8ZR3V
20015243,8ZR3V
20015269,BVegP
20015328,ApMCa
20015402,BVm1w
20015402,ApMCg
20015478,ApQee
20015478,kuTP
20015478,ApR74
20015478,cZzcL
20015478,cZonX
20015512,ApUn8
20015512,ApLwe
20015645,cZvTU
20015645,BVRZ8
20015666,ApLrt
20015667,BVn7T
20015667,BVQHV
20015690,BVNyt
20015698,BVTg8
20015811,ApMEG
20015812,ApMEG
20015913,ApMPo
20015934,ApMA1
20016077,ApRMu
20016077,ca6N2
20016077,ApM9z
20016077,caAJg
20016158,ApMFK
20016161,ApMFR
20016161,ApMHv
20016223,ApMF6
20016223,BVea9
20016230,ApQfi
20016248,BVjVZ
20016268,ApSYw
20016280,ca89O
20016280,ApSCq
20016280,ApUcq
20016331,ApLXd
20016484,cZuqc
20016531,BVo1Z
20016531,BVPEi
20016534,ApMHj
20016593,BVpQU
20016593,BVYHE
20016605,ApMHn
20016605,BVLx5
20016605,ApT3d
20016658,ApMHp
20016706,ApMIn
20016706,ApRLT
20017011,BVav6
20017011,ApMKT
20017013,BVj7Y
20017013,BVTY8
20017013,BVKiC
20017044,ApMLC
20017045,BVnfX
20017056,BVkIH
20017060,ApTUE
20017077,ApTU7
20017089,BVIr9
20017089,BVIts
20017112,ApMKg
20017114,bticB
20017114,bticC
20017115,bticC
20017115,bticB
20017115,btpbZ
20017143,BVd4p
20017209,BVWgg
20017325,BVOfW
20017355,ApLNw
20017355,ApRrs
20017355,ApQpD
20017390,ApMK2
20017390,ApRFa
20017390,BVLVz
20017390,BVWiu
20017390,ApQd5
20017390,ApSYO
20017390,BVJXr
20017390,ApRuD
20017416,ApSYP
20017439,cZg2G
20017439,btrGc
20017439,cZoss
20017439,cZkXX
20017506,BVSrR
20017531,ApSzM
20017658,ApRz6
20017737,ApQkB
20017835,ApMLP
20017836,ApLfa
20017842,ApMLL
20017876,BVJip
20017876,7Sh6
20017881,BVixo
20017896,BVP2A
20017906,ApMPK
20017912,ApUMM
20018028,ApMNG
20018043,BVWTL
20018043,BVqcX
20018044,ApMQ4
20018082,ApMKx
20018181,ApMPR
20018221,BVWGv
20018221,ApV5r
20018250,BVoHl
20018270,ApLcG
20018271,ApLcG
20018312,ApMQB
20018328,ApMQi
20018354,BVj0D
20018354,ApMQd
20018354,BVWiz
20018354,BVvSt
20018354,BVSXw
20018354,BVYKP
20018361,ApMQt
20018373,cZtVR
20018373,BVSCy
20018373,BVoPh
20018376,ApMR1
20018392,BVnfY
20018392,BViPR
20018392,BVJsc
20018392,BVgG1
20018395,BVluG
20018395,BVM2k
20018403,ApMRF
20018408,ApMRH
20018409,BVZ5C
20018410,ApLt2
20018490,BVdPo
20018517,ApMQ1
20018520,BVoaX
20018556,ApRBV
20018556,BVZhQ
20018556,ApMSZ
20018556,ApS6k
20018618,ApMSa
20018726,BVqCp
20018813,ApSMM
20018813,BVUTp
20018813,ApTi2
20018813,ApSO3
20018813,8hilF
20018813,BVNiv
20018813,BVNiu
20018813,BVNix
20018813,BVNiw
20018814,BVjVZ
20018840,ApMSb
20018860,ca1Fv
20018860,caC0P
20018860,cZrSZ
20018860,btqLr
20018887,cZqhi
20018887,cZs7E
20018887,cZp1h
20018888,ApMSh
20018889,ApMPg
20019009,ApMSx
20019030,cZphJ
20019030,ApS71
20019065,BVlDQ
20019084,BVp2y
20019088,BVWZR
20019184,ApLUK
20019185,BVnye
20019185,ApQma
20019211,BVnR6
20019234,ApOMk
20019261,ApMTk
20019261,BVNcQ
20019344,ApMTo
20019350,BVaJk
20019472,BVZBL
20019486,BVTdK
20019486,ApQcX
20019494,ApMV5
20020023,ApO2W
20020040,ApRzJ
20020040,ApS9x
20020040,ApOL4
20020053,BVQ4V
20020053,ApRc4
20020053,ApOCq
20020053,ApO6z
20020053,ApT7B
20020053,ApU1L
20021027,BVodx
20021027,BVoet
20021027,BVqlv
20021029,BVUUb
20021030,BVaJH
20021030,BVaJG
20021031,BVLdZ
20021092,ApT5G
20021092,ApT5H
20021092,BVU20
20021174,BVmVn
20021259,ApQVx
20021379,ApOEq
20021379,ApRQD
20021379,BVZSd
20021379,BVKPB
20021379,ca3nd
20021379,cZptb
20021379,BVZSf
20021400,ApOLl
20021600,BVYUw
20021654,ApUTc
20021654,ApUWX
20021859,ApODu
20021946,BVVpj
20021999,ApNv7
20021999,BVwoO
20022139,cZsfs
20022139,cZg5f
20022139,ca5Vo
20022139,btqXJ
20022139,cZonY
20022139,cZsfb
20022139,btrDg
20022139,cZmYv
20022139,cZsft
20022139,cZtK5
20022139,cZfof
20022139,cZk3v
20022139,cZkEA
20022139,cZofI
20022139,ca5Vn
20022139,btpZI
20022139,cZpPA
20022139,btq2V
20022139,ca2yG
20022139,cZsfu
20022139,cZoMW
20022139,caAqG
20022139,cZqag
20022139,cZpDv
20022139,btpo8
20022139,cZrh8
20022139,btpZK
20022139,BVoDm
20022139,btof4
20022139,cZsfv
20022139,cZofS
20022139,btrDt
20022181,ApQX2
20022181,BVdrT
20022182,ApQX3
20022199,ApUoG
20022199,ApNvs
20022537,6yTv
20022537,ApOET
20022537,ApQpM
20022552,ApOKf
20022552,ApSmN
20022686,ApOKZ
20022686,BVQHa
20022865,BVc21
20022865,BVUo8
20022879,ApTQN
20022879,BVM5U
20022979,BVv0r
20022979,BVJty
20022990,ApT8j
20022990,ApRHr
20023049,BVOrO
20023049,ApT7d
20023049,ApODr
20023113,BVR25
20023123,ApO1z
20023123,BVa8F
20023397,ca1oW
20023397,ca0gR
20023397,ca1oX
20023466,ApOAG
20023688,BVcw7
20023860,BVv6z
20023917,BVv0x
20023926,BVYUR
20024106,BVjRB
20024221,BVayW
20024330,BVqtF
20024468,BVpAR
20024479,BVMTo
20024480,cZtIu
20024480,cZpVE
20024545,BVQs5
20024551,BVcwQ
20024590,BVVpP
20024638,BVJVt
20024638,BVSeO
20024638,BVcoY
20024757,btpWB
20024757,ApSUE
20024898,BVhgI
20024992,ca1oW
20025033,BVl9g
20025109,BVYVL
20025119,ApREA
20025146,ApV1L
20025191,BVaQ0
20025194,ApQaG
20025198,ApRA0
20025198,ApRXY
20025199,ApRXY
20025199,ApRA0
20025226,ApQZb
20025385,BVefo
20025385,ApQaw
20025401,BVmEu
20025401,BVXRd
20025401,ApRUC
20025401,ApRDR
20025465,cZzcG
20025482,BVpH3
20025522,BVcF5
20025657,BVv0N
20025657,BVhIp
20025657,BVluK
20025657,BVU8L
20025715,ApQcP
20025718,ApQZy
20025718,BVjDn
20025718,ApS6v
20025836,cZfE9
20025836,cZio3
20025836,btpxY
20025836,cZkOs
20025836,btpbs
20025836,BVOpQ
20025836,btqlT
20025864,ApUTp
20025864,cZfLS
20025864,cZoAU
20025864,ApUTq
20025945,ApO7R
20026112,BVv2u
20026153,ApUmy
20026306,BVlWf
20026306,cZtJc
20026332,ApSCt
20026429,BVu7H
20026620,BVJMI
20026858,BVWlm
20026991,ApQdj
20027005,BVoaD
20027005,ApQdR
20027062,BVoHl
20027077,BVRkm
20027077,BVl0N
20027077,BVQM6
20027381,ApUDc
20027459,ApQby
20027460,ApQby
20027460,ApSU8
20027500,ApQfX
20027504,BVJY6
20027504,btpUM
20027512,ApQZF
20027568,ApQbK
20027602,ca3lu
20027602,ApQec
20027602,btpgI
20027602,btpgV
20027602,cZfoL
20027613,ApQed
20027622,ApQfm
20027639,BVYVG
20027639,ApQfl
20027697,BVq8a
20027752,BVba9
20027752,ApShc
20027752,BVx7T
20027757,ApRTM
20027765,ApQrJ
20027765,ApQgo
20027766,ApQgo
20027766,BVlfg
20027766,ApQrJ
20027766,BVJHr
20027787,ApQc5
20027813,ApQfg
20027830,ApQci
20027875,ApQhR
20027875,ca89O
20027875,ApRFK
20027952,BVlDM
20027952,ApRL3
20027989,ApQhk
20028043,BVWcF
20028070,knSn
20028088,ApSEg
20028095,ApQwP
20028095,ApMTI
20028098,ApQiK
20028106,ApQiP
20028109,8EXVq
20028112,BVNq9
20028112,ApQiS
20028113,BVZJ7
20028117,ApQiU
20028128,ApQid
20028133,ApQih
20028141,ApTRR
20028150,ApUVH
20028152,ApQix
20028163,ca4bX
20028163,ca7Tk
20028163,cZmjx
20028163,ApQiv
20028163,cZxK5
20028171,ApQca
20028184,ApQvp
20028184,BVIrA
20028198,ApQj2
20028200,ApRX6
20028200,ApMTP
20028201,ApMTP
20028201,ApRX6
20028201,BVXrR
20028201,ApTUh
20028208,ApU3Q
20028230,ApQjG
20028235,ApQjJ
20028245,cZtV7
20028245,cZtVC
20028245,BVSNF
20028254,BVig2
20028278,btpYD
20028294,cZtJS
20028294,cZtJT
20028296,ApTyy
20028304,ApQjh
20028313,ApQi6
20028313,BVhfX
20028313,ApSar
20028313,ApQnW
20028313,BVj2b
20028315,ApQjk
20028326,ApQjo
20028349,kuJZ
20028352,ApTbM
20028374,BVQqc
20028374,BVJRU
20028386,ApSAw
20028400,ApQkC
20028403,ApSmv
20028403,ApQkD
20028409,BVSxG
20028422,BVjdS
20028422,BVk3j
20028422,BVk4x
20028449,ApQki
20028450,BVlXX
20028450,ApRLP
20028450,ApR1P
20028503,ApS6L
20028505,ApV4E
20028506,ca3ns
20028506,caAUM
20028506,caHyf
20028507,ApRc2
20028530,ApQlc
20028553,ApS9D
20028553,BVOlz
20028586,ApQmH
20028586,BVep2
20028586,ApTz3
20028605,BVl1x
20028611,BVgBZ
20028614,BVQh7
20028628,BVQi8
20028651,BVa4I
20028651,BVnR5
20028695,BVJFq
20028706,ApQn6
20028726,BVNK0
20028727,btpZE
20028727,caBUO
20028728,ApQxy
20028728,BVNuT
20028728,btpUj
20028728,ApTAW
20028728,ApSUx
20028740,ApTPK
20028759,ApQog
20028811,ApQwP
20028811,ApMTI
20028816,ApQvd
20028816,BVOfl
20028816,ApQq8
20028816,BVv0v
20028816,ApR7R
20028824,ApTBg
20028845,BVJBH
20028859,BVa1n
20028873,ca8Jb
20028873,ca6sf
20028898,BVn7U
20028914,BVXkn
20028955,BVhQ6
20028982,BVo8k
20028988,BVfQY
20029003,ApQsj
20029028,btpUZ
20029029,btpVm
20029029,cZtk6
20029029,cZv7I
20029030,btpWB
20029030,BVofr
20029030,btpbg
20029047,BVmef
20029048,cZrm7
20029048,btpYV
20029055,ApSWV
20029099,ApQsV
20029103,ApQrx
20029109,ApQrt
20029118,ApQs6
20029131,cZkEr
20029179,ApQlD
20029217,ApQsE
20029218,BVlLr
20029218,BVWPA
20029225,ApQs7
20029319,BVZ6M
20029325,ApQu2
20029325,BVRNq
20029326,ApR1M
20029326,ApShk
20029326,ApQu2
20029326,BVi9N
20029326,cZl9m
20029326,BVTOS
20029367,ApQlN
20029372,ApT0R
20029372,ApQrF
20029372,BVwza
20029374,ApQr1
20029402,BVUOa
20029419,ApQuD
20029419,btpZD
20029419,ApSWX
20029426,ApQxH
20029448,BVTdt
20029463,BVnTL
20029483,ApQy9
20029483,BVN2C
20029483,BVUNd
20029483,BVKUE
20029486,ApQuv
20029486,BVdhb
20029502,ApQxM
20029523,BVal6
20029536,ApQya
20029536,BVUA8
20029539,BVJHj
20029539,BVStZ
20029539,ApQyj
20029539,BVUMt
20029540,ApQyW
20029540,BVZhW
20029594,btq2g
20029594,btr2e
20029616,ApQvi
20029616,BVuzw
20029639,cZzpk
20029646,BVprl
20029655,ApV1I
20029666,ApR0A
20029667,ApR0A
20029716,ApQz2
20029811,BVaoi
20029847,BVW5W
20029847,cZtJd
20029860,ca2Y4
20029860,cZuvM
20029860,ApU7r
20029860,cZw8e
20029860,cZfGb
20029867,BVRNl
20029879,BVVGN
20029879,BVSYz
20029879,ca9ZS
20029901,BVJHh
20029901,BVig7
20029983,ApRWl
20029983,ApR2K
20029994,BVj2O
20030000,ApR18
20030001,BVwwV
20030076,BVUQZ
20030096,BVTi0
20030096,ApR0w
20030096,BVK6x
20030146,BVK4f
20030161,ApR4y
20030325,ApV8u
20030388,ApU9B
20030404,BVkxg
20030407,BVNyq
20030408,ApR45
20030412,ApR5b
20030503,BVOJB
20030503,BVLtH
20030503,ApR75
20030503,BVkrh
20030503,BVVKf
20030526,BVkIG
20030552,ApR7l
20030552,BVM2r
20030556,BVUOQ
20030574,BVMqb
20030587,BVSyO
20030590,BVjhF
20030590,BVoNB
20030607,BVn67
20030664,cZqmX
20030664,cZoAU
20030664,cZpE9
20030664,cZwJR
20030664,BVSB5
20030664,cZwJQ
20030664,cZwJS
20030664,BVUO9
20030664,caCk0
20030664,cZwJL
20030664,caB7C
20030664,cZkEw
20030664,cZwJN
20030664,btpdn
20030666,BVIzd
20030692,ApTyW
20030719,ApRCs
20030733,cZxv3
20030780,BVkdW
20030780,BVLg1
20030809,BVODT
20030814,ApRDY
20030814,ApTRn
20030814,BVnvv
20030818,BVSMy
20030818,ApRLN
20030818,ApRkc
20030818,ApRkb
20030854,BVOZv
20030854,BVU0s
20030854,BVd4Z
20030863,BVbs0
20030863,ApRDD
20030881,ApULa
20030882,ApSLm
20030894,ApStN
20030920,BVKsN
20030920,BVWQL
20030920,ca5VX
20030952,ApUCf
20030952,ApUWH
20030962,ApSYr
20030962,BVWdV
20030975,ApRFK
20030982,ApUIr
20031048,ApT7Y
20031067,BVRsx
20031067,ApSQE
20031067,ApRUQ
20031081,ApR7O
20031082,ApR7O
20031086,ApRCA
20031104,BVXoF
20031197,BVl8s
20031199,BVVXG
20031199,BVNaa
20031216,BVmfS
20031220,BVo0L
20031220,BVig8
20031220,BVXrP
20031220,BVmud
20031220,BVqdK
20031227,ApRHF
20031250,BVRS4
20031267,ApRH2
20031268,ApRDS
20031289,cZtKF
20031289,btr2h
20031300,ApRI9
20031333,ApTgM
20031333,BVeAJ
20031333,ApRH6
20031375,ApRPc
20031405,ApR9p
20031412,ApRE9
20031415,ApR6s
20031419,ApR6t
20031421,ApRBU
20031444,ApRHM
20031444,BVeg5
20031458,BVS5Y
20031458,cZyJa
20031458,ca2kh
20031458,cZv2b
20031502,BVaQ0
20031502,ApUIh
20031502,8I13y
20031502,BVMqO
20031507,cZkEU
20031507,btqC6
20031507,BVcqI
20031507,BVVEj
20031510,ApRrq
20031606,ApRZX
20031606,ApSAf
20031606,ApRIL
20031623,BVNxX
20031623,ApSuK
20031626,BVhjd
20031626,ApSky
20031629,ApRPr
20031633,ApREL
20031637,ca4lN
20031637,cZkpv
20031637,ca2U7
20031637,cZsg5
20031637,ca4lO
20031643,BVPoh
20031646,BVNUK
20031646,BVa9N
20031646,BVSXI
20031649,ApRIE
20031668,BVehT
20031668,ApRHa
20031675,ApRIa
20031686,ApSLD
20031692,ApRI3
20031692,BVUCH
20031692,BVqRF
20031696,BVqGH
20031702,ApRHd
20031706,BVV18
20031718,BVTYA
20031736,ApREu
20031737,ApREu
20031757,ApRIP
20031758,ApRIf
20031795,ApSG1
20031807,cZsfm
20031807,cZsfn
20031807,cZsfi
20031807,cZsfj
20031807,btpWM
20031807,cZsfl
20031807,BVWHG
20031807,cZsfk
20031826,ApRKj
20031826,BVPy1
20031890,ApRM6
20031893,caBKt
20031893,ApSLC
20031893,cZk7z
20031940,BVp4Y
20031956,BVW0C
20031969,ApRLy
20031971,ApROk
20031985,ApTvL
20031994,BVlLx
20032026,BVXsW
20032026,BVNGl
20032085,BVJ8f
20032103,BVjnN
20032152,BVUCE
20032159,ApRI4
20032174,ApT1K
20032174,BVNht
20032174,BVZ9X
20032248,caAUM
20032248,ca3ns
20032248,caHyf
20032248,BVqMz
20032270,BVSeQ
20032270,ApT2r
20032275,ApV8z
20032275,ApRQG
20032275,ApSMH
20032297,ApRO8
20032365,ApRQO
20032365,BVLfB
20032438,ApRRK
20032456,BVUCM
20032456,ApRSf
20032456,ApSNH
20032468,ApR2n
20032487,BVW8F
20032487,ApRPf
20032612,ApRRz
20032625,BVKkD
20032627,ApUzp
20032627,BVmLO
20032637,ApRT2
20032685,BVVKU
20032694,ApRUO
20032694,ApLle
20032716,BVRkj
20032801,ApROI
20032807,ApRSs
20032842,ApRWR
20032864,BVc7L
20032890,BVhFr
20032894,BVSUk
20032894,ApRUI
20032894,BVhQ9
20032912,ApRUG
20032913,ApRUG
20032966,ApRTB
20033053,BVgbs
20033068,ApRVc
20033071,ApRYp
20033071,ApRW1
20033137,ApRX1
20033195,ApRVx
20033195,BVmeR
20033195,BVKJY
20033232,BVRQC
20033232,BVvJA
20033232,ApRam
20033253,ApSFJ
20033253,ApTqQ
20033254,ApTqQ
20033254,ApSFJ
20033255,BVn7a
20033256,BVjl2
20033269,ApRYf
20033363,ApRLJ
20033397,BVkEf
20033397,BVV1E
20033397,BVJHp
20033405,BVq9f
20033444,ApSST
20033444,BVUhI
20033452,BVOzt
20033452,BVkcR
20033452,BVSgN
20033452,BVfXN
20033468,ApUYl
20033468,BVJkt
20033490,btpaU
20033490,BVOPj
20033490,BVMWY
20033490,BVLea
20033490,ApRXL
20033497,ApRVP
20033544,ca3nO
20033566,ApTQw
20033566,BVItc
20033566,BVNZE
20033566,ApRZy
20033575,ApUel
20033682,btpt7
20033683,ApScX
20033683,BVvSM
20033683,ApUbf
20033683,ApSuF
20033740,BVnYb
20033750,ApRSZ
20033756,ApRSb
20033760,ApRZB
20033772,cZoNv
20033819,ApRc1
20033869,ApRcB
20033881,ApRcE
20033881,BVNRo
20033979,ApTOE
20034045,ApUNB
20034072,BVc4j
20034314,BVOA8
20034381,ApRdF
20034407,ApTYB
20034408,BVcS4
20034450,ApRg6
20034458,BVYQn
20034479,ApUZi
20034479,ApRgX
20034494,ApV5q
20034494,BVUxZ
20034494,ApRfU
20034496,ca1oV
20034496,cZzwx
20034497,cZv2b
20034569,BVRrn
20034569,BVOe3
20034572,BVgBX
20034572,BVd25
20034653,BVTFr
20034887,BVlvO
20034930,BVsbr
20034961,BVfWG
20035329,cZp6D
20035329,btpYV
20035330,BVJ1L
20035330,BVJzK
20035330,cZtVM
20035330,BVgBL
20035341,ApRZ2
20035373,ApR1g
20035421,ApRjU
20035430,BVpnn
20035781,ApUqc
20035781,ApRaf
20035781,BVkyF
20035784,ApRag
20035829,ApSsZ
20035829,BVYsA
20035829,BVRrg
20035830,btpt7
20035831,BVVk7
20035832,cZptb
20035833,cZiGB
20035836,cZuEK
20035836,btqhn
20035852,BVOgE
20035852,ApS8I
20035906,ApRlR
20036025,ApRjK
20036053,cZtKR
20036053,ca3ln
20036053,cZonP
20036126,BVK6v
20036127,ca1iQ
20036127,ca5Vq
20036127,ca3nO
20036127,cZka8
20036127,ca5Vm
20036226,BVnnV
20036277,BVkdF
20036277,BVSgY
20036277,BVODT
20036305,cZoQf
20036305,cZpes
20036307,caAm9
20036307,BVRB2
20036307,cZpdc
20036308,BVQQX
20036325,BVuzO
20036355,ApRmz
20036363,ApRn3
20036363,BVYMv
20036373,btpaZ
20036397,BVURb
20036420,BVfRz
20036420,ApLwI
20036420,BVdjo
20036445,BVXrT
20036474,BVURX
20036474,ApRny
20036475,ApRny
20036475,BVURX
20036570,BVQzm
20036573,BVYH5
20036577,BVJHg
20036674,BVXio
20036674,btpcg
20036674,BVj6y
20036674,BVTgH
20036674,btpkQ
20036675,BVtcz
20036675,btpaZ
20036676,BVIqE
20036676,ca7Tk
20036705,BVpJq
20036706,BVpJq
20036788,ApTxk
20036788,ApRou
20036828,cZq4Y
20036828,BVKG5
20036828,cZntn
20036830,ApTlH
20036830,ca9ZR
20036840,cZqag
20036840,btqlX
20036840,BVYpf
20036840,cZpPA
20036840,cZnpn
20036840,BVWQJ
20036840,btq0E
20036841,BVoKb
20036841,cZkVX
20036841,cZkRD
20036841,BVXxt
20036893,ApRqs
20036972,BVtv9
20036972,BViUi
20037000,ApRpU
20037099,ApRrX
20037113,BVNJJ
20037137,ApRpY
20037226,BVUPZ
20037410,ApRon
20037436,BVlLx
20037448,cZkF0
20037449,cZhyX
20037449,caBUO
20037451,ApTdn
20037451,ApLzY
20037454,BVTtl
20037493,BVfX9
20037653,ApRZA
20037655,ApRqp
20037681,ApRqy
20037691,ApRr2
20037751,BViH1
20037795,ApRu0
20037848,btpZK
20037848,cZw7d
20037910,ApRnR
20037911,ApRnR
20037940,BVn7o
20037948,BVS82
20037948,BVmsa
20037949,BVhih
20037952,cZtKR
20037952,ApTAz
20037980,BVOeJ
20037985,ApSOi
20037988,ApRu6
20038033,BVXRV
20038058,ApUfw
20038153,ApSWW
20038189,BVjRB
20038189,ca9rm
20038189,ca5VY
20038189,cZwKw
20038192,BVaIl
20038193,cZy1O
20038193,cZonX
20038200,BVXeu
20038200,ApLq1
20038200,ApRuF
20038201,ApRuF
20038339,ApRw4
20038412,ApRwf
20038412,BVQpP
20038412,BVK8G
20038445,BVejB
20038451,BVlK6
20038463,BVhpF
20038512,ApRxa
20038554,BVYa8
20038556,BVUOZ
20038627,BVb1V
20038659,ApRxm
20038664,ApRxo
20038699,ApRy8
20038767,btpxY
20038809,ApRyS
20038834,BVm4X
20038849,ApRyY
20038873,BVefh
20038873,BVWdn
20038873,BVNt2
20038873,ApRyj
20038873,ApSlr
20038895,ApRL5
20038986,BVohA
20039033,BVfRi
20039081,ApS4b
20039099,BVpiC
20039099,ApS4i
20039123,BVSQD
20039126,BVSEj
20039162,BViPd
20039164,BVRQC
20039168,BVlgb
20039174,ca87b
20039174,cZz77
20039220,ApSWQ
20039220,ApS5e
20039233,BVNdN
20039233,ApS5g
20039236,ApS5m
20039244,ApS5h
20039296,ApLuu
20039342,BVUhB
20039371,BVdUj
20039380,BVfHV
20039414,BVNep
20039480,ApS6R
20039480,ApSql
20039481,ApSql
20039481,ApS6R
20039500,BVYRZ
20039536,BVVdJ
20039560,ApS8c
20039563,ApS8c
20039576,BVoQf
20039696,ApSBG
20039714,ApSAL
20039721,BVRGJ
20039734,BVlCx
20039735,ca1oV
20039735,cZwJR
20039735,cZwJL
20039735,cZwJQ
20039742,BVKbf
20039762,BVSN9
20039762,ApSA6
20039835,BVNtr
20039835,BVpQS
20039836,BVfyT
20039836,cZq4Y
20039836,ca2MZ
20039861,ApS6W
20039863,BVnHK
20039874,ApUK5
20039874,BVoab
20039874,BVYMp
20039875,BVYMp
20039875,BVoab
20039875,ApUK5
20039884,cZqDj
20039886,BVcnh
20039888,ApSC0
20039889,ApSAJ
20039911,BVqRU
20039919,BVkzr
20040030,ApSEk
20040152,BVcvn
20040162,ApS6d
20040176,ApSGM
20040192,ApSGK
20040268,BVYxZ
20040268,BVeeo
20040419,BVOEb
20040419,BVUgv
20040420,BVUgv
20040420,BVOEb
20040423,ApTz6
20040443,BVRAJ
20040477,ApRyd
20040545,BVPow
20040545,BVRCQ
20040545,ApSK5
20040549,ApS9o
20040549,BVK65
20040569,caBKt
20040582,BVYdt
20040625,cZlsQ
20040625,cZsg3
20040625,btpdC
20040625,cZwKw
20040626,cZlce
20040626,ca9rm
20040626,ca5VY
20040628,BVJGV
20040628,ca3lu
20041029,ApS6j
20041053,ApSHw
20041053,cZoj7
20041082,BVkqs
20041110,ApSLx
20041160,ApSLk
20041163,ApSLl
20041176,BVT7h
20041177,ApTV5
20041177,ApSbr
20041177,ApTV8
20041236,ApSNt
20041244,BVLgW
20041312,ApSK7
20041325,BVJbL
20041485,cZk1I
20041485,btqLk
20041485,btof5
20041485,cZpdL
20041485,btpYU
20041485,cZvUR
20041485,cZyAu
20041486,btpp9
20041486,btpYU
20041486,btqs5
20041486,btptA
20041486,btqLk
20041486,cZiM8
20041486,cZkMn
20041486,cZpdt
20041487,btp7x
20041491,btpp9
20041491,btpbZ
20041500,ApU5k
20041500,BVS9V
20041500,ca4aW
20041500,ca4aU
20041500,ca4aR
20041500,ca4aQ
20041500,ca4aS
20041500,BVNgj
20041500,ca4aT
20041634,BVjtv
20041707,BVs7J
20041707,BVnHY
20041719,BVUN9
20041719,BVTl1
20041719,ca2kh
20041719,btof4
20041755,ApV98
20041822,ApSpS
20041822,BVtlG
20041901,btqu6
20042005,ApUWV
20042068,BVnGD
20042077,caAbO
20042077,BVpF0
20042077,cZy1E
20042077,cZtIu
20042077,cZuWP
20042095,ApSP0
20042183,BVLdp
20042183,caBvx
20042183,caCc6
20042208,ApSTy
20042228,ApSU2
20042265,BVqvT
20042265,BVkAI
20042265,cZi9z
20042265,btpYs
20042265,BVepF
20042265,btrDk
20042265,btpVI
20042299,ApSU9
20042299,BVeg8
20042340,ca87b
20042340,ca2Aq
20042340,ca6N2
20042340,cZpVV
20042340,cZo6K
20042340,cZrOG
20042367,BVi9K
20042414,BVkB0
20042519,BVllK
20042530,btpYz
20042530,cZjjt
20042532,cZmNY
20042533,cZiGB
20042603,ApTsd
20042675,ca8Xa
20042676,BVcw1
20042700,BVNpo
20042720,ApSIw
20042731,BVO9u
20042731,ApSJ0
20042731,BVb44
20042739,ApSJ4
20042751,BVNaG
20042752,BVNaG
20042805,ApSRx
20042913,ApSWX
20042915,cZrhI
20042915,cZqSN
20042946,ApV2u
20042954,ApSUN
20042991,BVVmF
20042992,BVJXv
20042997,BVYG1
20043079,BVNcX
20043088,ApSXK
20043210,BVX1w
20043236,BVhYj
20043333,btpZE
20043333,BVTRZ
20043334,BVOps
20043340,BVj2F
20043411,cZtA7
20043411,cZkFz
20043417,ApSYX
20043509,ApSYv
20043534,BVadd
20043534,BVSN7
20043583,ApSW5
20043620,cZtKw
20043620,ca2yG
20043620,cZw7d
20043620,cZsg7
20043620,ca8JT
20043620,ca2Aq
20043620,caAUZ
20043620,ca8JU
20043620,ca3nR
20043620,ca3IF
20043620,cZzbw
20043620,cZpDv
20043620,ca8JV
20043620,cZrh8
20043620,ca7eQ
20043620,ca5Vo
20043620,cZsfb
20043620,cZonY
20043620,ca8JW
20043623,ca5Vn
20043664,ApSJ9
20043664,ApT9N
20043665,ApT9N
20043665,ApSJ9
20043692,ApSZk
20043737,BVSrL
20043826,BVQqO
20043827,ApSby
20043954,ApSb9
20044183,ApScS
20044228,ApTBV
20044250,ApSci
20044355,ApSeh
20044396,ApSeW
20044444,BVYpr
20044530,ApSfO
20044579,BVU1v
20044754,BVJGi
20044754,ApSnA
20044754,BVObM
20044764,BVSTb
20044764,BVl5u
20044787,BVZ8m
20044809,ApSgx
20044811,ApMJh
20044864,ApSiK
20044930,BVoQy
20044935,cZmLu
20044945,ApSiX
20044947,ApSie
20045008,ApSkI
20045010,ApSkI
20045046,BVU9D
20045046,ApTxo
20045098,BVfXY
20045098,BVTqJ
20045098,ApSVs
20045098,BVO60
20045227,ApUqe
20045254,BVwm9
20045254,ApSiy
20045381,BVXJQ
20045381,ApUqs
20045447,BVOnD
20045459,ApSlY
20045459,ApUWW
20045467,ApSlW
20045474,BVMe8
20045489,ApUDW
20045489,BVZCA
20045521,ApSOi
20045521,ApUQ0
20045587,BVNkS
20045687,ApSn4
20045687,BVpAa
20045709,BVm3Z
20045754,BVoDq
20045869,ApSme
20045908,btpxX
20046129,ApSoj
20046130,ApSoj
20046142,ApSqx
20046182,ApSrB
20046183,BVXAI
20046197,btqNK
20046197,BVZSd
20046263,BVYNJ
20046322,ApTbk
20046336,ApSro
20046336,BVTfj
20046358,ApSrH
20046398,ApSpk
20046412,BVVO7
20046555,BVK6u
20046572,BVIoh
20046576,cZxv6
20046606,BVY3L
20046675,BVc68
20046681,ApStv
20046715,ApTeM
20046715,BVJpc
20046715,BVIuh
20046766,ApStc
20046766,BVNq2
20046844,BVprm
20047116,cZkEd
20047116,BVp4H
20047116,cZtjz
20047127,ApStj
20047130,ApStt
20047144,ApSxO
20047148,BVUnw
20047161,BVpvw
20047234,ApSvt
20047368,ApSyT
20047590,BVf8N
20047633,BVURI
20047633,BVs77
20047634,BVNWN
20047712,ApT24
20047759,ApT0I
20047813,ApSuD
20047814,ApSuD
20047858,cZrhI
20047858,cZnNT
20047858,cZqSN
20047884,BVl0U
20047913,BVjVX
20047914,cZtJT
20047914,cZq6P
20047914,cZs6O
20047914,cZmC5
20047914,cZtJR
20047925,ApT33
20047925,BVkHB
20047926,BVt1V
20047991,ApTUh
20048060,BVRcN
20048074,ApUjI
20048074,ApSxW
20048074,ApSxV
20048129,ApSuG
20048256,ApTiw
20048278,ApT6l
20048279,ApT6l
20048331,BVJbQ
20048355,ApT5T
20048587,BVozI
20048587,BVqQf
20048587,BVo2Y
20048595,ApT6q
20048608,BVQx8
20048628,cZpE9
20048628,cZoCy
20048628,cZwJS
20048752,BVSvB
20048752,BVRce
20048771,BVV2x
20048806,ApT7Z
20048828,ApT8e
20048847,cZtKY
20048847,BVW9i
20048848,cZzxI
20048848,cZmLu
20048848,cZv7I
20048848,BVTIP
20048882,BVK89
20049061,ApTBx
20049090,ApTC4
20049202,BVJTA
20049302,ApTCI
20049304,BVl4F
20049328,ApTOD
20049328,BVb3c
20049328,BVcKB
20049335,cZxv6
20049335,ca5VX
20049357,ApU2P
20049361,cZtrm
20049361,ca9ZS
20049363,ApTRQ
20049364,BVVoY
20049364,BVPck
20049364,BVlri
20049364,BVc7X
20049365,BVRY1
20049397,BVOMD
20049499,cZkVX
20049499,cZtJO
20049499,BVXxt
20049499,cZkRD
20049503,ca3lD
20049503,cZyac
20049556,BVkB0
20049598,ApTPI
20049615,BVJll
20049615,BVc5x
20049615,BVmHu
20049615,BVOWt
20049670,BVn6B
20049687,ApTP2
20049709,ApTPN
20049744,ApTQS
20049748,ca3LG
20049752,cZfpv
20049752,cZv0g
20049754,ca3LG
20049754,ca4bX
20049754,cZmjx
20049763,ca3nd
20049763,cZlce
20049770,ApUMP
20049780,ApTV7
20049827,BVYN0
20049827,BVTrq
20049924,BVt0v
20049924,BVPtn
20049932,BVmSs
20050013,ApTPY
20050048,ApUUO
20050050,BVcmM
20050050,ApTR5
20050082,7zaOT
20050082,ApTQf
20050102,BVJ6b
20050242,BVeGJ
20050300,ApTRP
20050390,cZqET
20050407,cZy1E
20050407,BVlsi
20050407,cZuWP
20050410,BVM36
20050424,BVJ5Q
20050438,ApTYB
20050463,ApUCG
20050470,BVUOU
20050479,BVV1C
20050481,ApStP
20050494,BVOOK
20050513,ApTWV
20050612,ApTZw
20050657,BVXxw
20050774,BVaGQ
20050774,BVT0k
20050774,BVcQ6
20050799,ApTZv
20050800,ApTZv
20050806,ApTXy
20051005,BVpmJ
20051005,BVl41
20051005,BVpfr
20051005,BVYMw
20051061,ApTRi
20051122,BVlq0
20051122,BVmVR
20051122,BVtiM
20051122,BVqlv
20051195,BVgGX
20051195,ApTRZ
20051254,BVUNe
20051258,cZsfc
20051258,cZsfe
20051258,cZyuI
20051258,cZsff
20051258,btqlX
20051258,cZka8
20051258,cZsfg
20051258,btq0E
20051258,cZnje
20051293,ApTiX
20051294,ApTiX
20051369,BVjUc
20051369,BVkku
20051369,BVuzi
20051369,BVldw
20051372,ApTmd
20051397,BVVKc
20051397,ApLko
20051515,BVouN
20051837,BVuDu
20051867,ApTeP
20051867,ApU6t
20051868,ApU6t
20051868,ApTeP
20051986,BVMpJ
20052011,BVm2L
20052245,BVRO7
20052247,ApTmJ
20052306,ApM8z
20052424,ApTpe
20052467,BVW1G
20052467,cZqhi
20052467,cZp1h
20052467,cZs7E
20052569,ApTt7
20052574,ApTuu
20052738,BVqEu
20052792,ApTv9
20052817,ApTwB
20052869,BVn95
20052869,ApTwM
20052899,BVkhj
20053109,BVJM1
20053149,BVo2Y
20053149,BVqQf
20053149,BVozI
20053176,ApU00
20053197,ApTvk
20053242,ApU1B
20053301,cZtKD
20053301,ca3nt
20053333,ApU1K
20053449,ApU4Q
20053493,ApTsn
20053496,BVWA5
20053496,ApTyA
20053617,ApTxm
20053618,ApTxm
20053682,ApU5U
20053731,btqLr
20053732,BVqFW
20053831,caCc6
20053844,ApU68
20053850,ApU66
20053870,btqNK
20053872,cZl82
20053874,cZg1z
20053874,cZo7M
20053874,cZjoo
20053908,ApUfE
20053908,BVirb
20053976,cZpdt
20054030,ApU26
20054030,BVRRf
20054278,BVSEj
20054316,BVOHd
20054354,BVSr4
20054421,cZkNm
20054422,BVRU1
20054444,BViUd
20054444,BVO9p
20054454,cZpdL
20054454,ca7yQ
20054454,cZyoH
20054454,ca9qL
20054454,cZrEC
20054454,ApTxo
20054464,BVZBO
20054464,ApV97
20054548,BVQ74
20054565,BVOQa
20054744,BVmri
20054865,ApUBB
20054918,BVnCF
20054945,ApTyM
20055220,ApUEk
20055227,ApU3a
20055246,ApUAJ
20055316,BVcR7
20055348,ApTz0
20055716,BVt4r
20055834,BVQ9y
20055855,ApTz9
20056035,ApUBu
20056035,BVQHS
20056035,BVSSZ
20056036,BVSSZ
20056036,BVQHS
20056036,ApUBu
20056059,BVYUA
20056061,ApTyd
20056269,BVRum
20056280,BVYlU
20056515,BVXr8
20056552,ca8XS
20056615,ApUL6
20056621,ApUL8
20056622,ApUL8
20056788,BVWc5
20056796,ApUKu
20056889,BVhK6
20056890,BVVOU
20056986,BVtQP
20056987,BVRFC
20057235,BVk0D
20057246,BVn9I
20057248,ca08a
20057354,BVojq
20057354,BVpLM
20057354,BViY3
20057359,BVjRp
20057363,BViPO
20057553,BVm1X
20057573,ApUSv
20057584,BVR7O
20057604,BVOOU
20057604,ApUMN
20057638,ApUMT
20057641,BVnHh
20057667,ApUMK
20057667,BVsAB
20057671,ApUMb
20057671,BVef0
20057672,ApUMJ
20057684,ApUIO
20057710,ApUTO
20057988,BVUNd
20058054,BVx1H
20058110,ApUIQ
20058222,BVPI6
20058346,BVbO9
20058376,BVqFW
20058392,BVm20
20058547,BVvSv
20058548,BVoCH
20058552,ApUYM
20058578,ApUN9
20058579,ApUNA
20058656,BVqGB
20058666,btrGc
20058666,cZg2G
20058666,ApVBg
20058666,cZoss
20058666,ApUfl
20058666,cZkXX
20058695,BVQO9
20058699,BVJ1w
20058740,BVYRZ
20058894,BVURN
20058960,BVv6J
20059086,BVW2R
20059190,BVlfd
20059213,BVS4Z
20059387,BVOVg
20059406,BVYJH
20059478,kn0J
20059531,BVm1z
20059535,BVaKY
20059618,BVkzX
20059701,BVkjH
20059701,BVNyr
20059751,BVqFF
20059914,ApSSH
20059914,ApUgf
20059914,BVwR6
20059914,BVZhY
20059914,70js
20059914,ApQaO
20059914,ApRKi
20060097,ApUAs
20060151,BVM7e
20060152,BVURa
20060152,ApTyx
20060152,BVNkR
20060152,BVhDT
20060152,BVprY
20060212,cZmNY
20060212,cZsqB
20060212,cZjjt
20060212,cZpVV
20060316,ApUsR
20060357,btrDI
20060393,BVeGV
20060393,ApUnM
20060546,ApUoV
20060847,BVR8c
20060995,ApV7T
20060995,ApUy9
20061030,BVuA7
20061070,BVWOu
20061234,ApUxt
20061276,ca2MZ
20061415,ApUvN
20061418,ApUvN
20061423,ApUyE
20061536,ApV2z
20061579,BVuz7
20061579,ApV24
20061723,BVrjW
20062014,ApV5H
20062014,BVInc
20062021,ApUjh
20062208,BVtBU
20062216,BVLg6
20062216,BVUMs
20062252,BVeel
20062599,btrT6
20062615,BVbnR
20062685,BVUjv
20062697,BVc2S
20062697,BVgl3
20062697,BVp4a
20062697,BVPxz
20062707,ApUf4
20062771,BVsPC
20062963,BVsv5
20063237,BVvRt
20063237,BVVKb
20063256,BVv0S
20063258,BVvH8
20063259,BVZgi
20063374,ca8JT
20063375,ca5Vm
20063375,cZzpn
20063375,cZzbw
20063375,ca1iQ
20063375,ca5Vq
20063375,cZyoM
20063375,cZuuZ
20063422,BVUAG
20063422,BVs75
20063423,BVs75
20063433,BVIn2
20063504,BVe8M
20063508,cZuqc
20063530,cZwJT
20063624,BVIpj
20063712,BVefl
20063769,ApVBc
20063881,BVImz
20064018,BVeJ4
20064037,BVvGz
20064037,BVvH0
20064097,BVqhR
20064097,BVUMq
20064142,BVIqC
20064281,BVIrV
20064408,BVWUg
20064418,BVIty
20064421,BVNdU
20064850,ca2U7
20064909,ApUjx
20064909,BVeGl
20065079,BVhIo
20065080,BVkPk
20065088,BVJ2y
20065123,BVlOT
20065265,BVIoZ
20065298,BVv00
20065327,cZtVC
20065327,cZtV7
20065374,BVj7D
20065459,BVJ5O
20065562,BVJ7t
20065591,BVk7D
20065801,cZvTU
20065929,BVJ97
20065938,BVJ9o
20066159,BVRus
20066367,BVJ9M
20066524,BVoQo
20066571,BVVhQ
30000476,BVJH5
30000476,BVJGZ
30000509,BVJGC
30000556,cZs6y
30000556,BVlCx
30000556,cZt9D
30000577,BVJHM
30000616,BVJHN
30000641,BVdQS
30000641,BVk75
30000641,BVU8B
30000689,BVTPh
30000696,BVrFs
30000696,BVJHU
30000870,BVJJn
30001006,BViy4
30001023,BVJKJ
30001182,cZfal
30001434,BVmgZ
30001479,BVJPW
30001534,BVgZ4
30001557,BVNoY
30001557,ApUg8
30001603,BVSMt
30001603,BVJRK
30001928,cZfkG
30001928,cZfkA
30001929,cZfkA
30001929,BVx35
30001929,cZfkG
30002183,ca47V
30002190,BVJXB
30002374,BVJZQ
30002500,BVJbF
30002545,BVspM
30002649,BVtfC
30002726,BVWTJ
30002726,BVJXG
30002769,cZtKY
30002850,BVkH9
30002975,BVJfe
30003130,ApS6s
30003151,BVfSC
30003206,BVJc1
30003326,BVx4t
30003433,BVqLw
30003674,BVJjg
30003730,BVJfa
30003750,BVJkt
30003785,BVU1c
30003830,BVP2D
30003830,BVhvh
30003830,BVNdP
30003984,ApUPJ
30004229,BVJmE
30004230,BVJmE
30004235,BVSgR
30004281,cZqQJ
30004340,BVK6l
30004476,BVJpn
30004481,BVKn5
30004481,BVU1o
30004790,BVK92
30004790,BVnVp
30004901,BVRq8
30005016,BVlL5
30005057,BVSk1
30005265,ca1Fv
30005390,BVKwk
30005597,BVpEj
30005664,ApUP9
30005664,BVQSW
30005671,BVLnr
30005747,cZytv
30005780,BVNcW
30005817,BVKvf
30005887,cZtKc
30005887,cZzxI
30005887,ca3ln
30005912,BVrCS
30005912,BVLbw
30005970,BVnHc
30005986,BVJbW
30005986,BVc64
30005986,BVZJ6
30006089,BVXxs
30006089,cZi9z
30006349,cZzpm
30006349,cZzpn
30006349,cZkMn
30006349,cZyoM
30006349,cZzpo
30006389,cZzpp
30006572,BVLx0
30006651,BVU9D
30006691,BVhhA
30006691,BVQIb
30006727,BVss0
30007346,BVnHG
30007346,BVX3I
30007450,BVaJH
30007450,BVaJG
30007596,BVNtv
30007735,BVMXk
30007929,BVbOL
30007932,BVKv8
30007933,BVKv8
30008114,BVLgC
30008296,BVO9x
30008400,BVXVN
30008475,BVLyh
30008525,BVZyq
30008525,BVMX7
30008542,BVMqQ
30008603,cZomh
30008603,cZuKU
30008603,cZsJo
30008603,BVLgC
30008603,BVLsv
30008767,BVdUq
30008801,BVM5s
30008905,cZioS
30008952,BVNGr
30009043,BVNHJ
30009093,BVSWv
30009093,BVrKW
30009126,BVMXM
30009149,BVYku
30009149,BVMXF
30009168,BVNFN
30009311,cZnc6
30009560,BVWgf
30009563,BVNNE
30009848,cZpOy
30009944,BVjVX
30009944,BVOzx
30009944,BVcIE
30010076,BVNWB
30010077,BVNWB
30010397,BVNVA
30010496,cZjeB
30010496,cZppO
30010497,cZppO
30010497,cZjeB
30010499,BVk2R
30010724,BVNIe
30010724,BVNXz
30010780,ApUeo
30010833,BVarz
30010927,BVNda
30011050,BVmq6
30011325,BVNdR
30011361,BVoTx
30011409,BVhfa
30011534,BVqK2
30011534,cZp6D
30011646,BVmpR
30011685,BVNkb
30011689,BVNdX
30011695,cZzpk
30011695,cZnje
30011695,cZk1I
30011875,caCWP
30011875,ca3v3
30011897,BVPHC
30011939,BVNmA
30012098,BVO9z
30012098,BVNkU
30012098,BVprj
30012098,BVcvg
30012123,BVU1x
30012123,BVmLO
30012158,BVNcM
30012167,cZk3v
30012207,BVmIX
30012483,BVYOC
30012483,BVNq7
30012491,BVRki
30012491,BVNq8
30012566,BVsZW
30012590,BVNt1
30012621,BVedl
30012621,BVNrx
30012646,BVnR7
30012658,BVYky
30012658,ApUPq
30012682,BVNrv
30012698,BVNtv
30012812,cZwJN
30012836,BVTRa
30012872,BVqcV
30013027,BVNu3
30013230,BVji5
30013230,BVji4
30013358,BVPRF
30013438,BVVKW
30013493,BVX0D
30013493,BVfXL
30013493,BVpEV
30013675,BVO4c
30013848,cZkF0
30013854,BVmfN
30014004,BVO9f
30014310,BVO6Y
30014330,cZwJT
30014358,BVO36
30014454,BVUjw
30014642,BVODW
30014671,BVOBs
30014686,BVODK
30014728,BVYnc
30014736,BVODh
30014821,BVOAh
30015176,BVOH8
30015177,caBMu
30015281,BVx4F
30015281,BVp5j
30015281,BVo3J
30015576,BVOKR
30015581,BVL0g
30015649,BVo8q
30015653,BVOOO
30015887,BVOMs
30015888,BVOZL
30015994,BVOL8
30016007,BVOLF
30016164,BVOQb
30016219,BVsuz
30016484,BVnYb
30016545,BVqiR
30016655,BVOr6
30016657,BVOr6
30016690,BVOrQ
30016742,BVOrk
30016815,BVRQ7
30016860,BVc1M
30017155,BVXom
30017254,BVig5
30017254,BVl7K
30017254,BVURD
30017271,BVb6w
30017281,BVOzb
30017281,BVYNK
30017281,BVmuU
30017284,cZkpv
30017284,cZuEh
30017284,cZsg5
30017389,BVjjM
30017401,BVgGV
30017404,BVeeS
30018127,BVSIp
30018265,BVv3w
30018761,BVOOv
30018958,cZl9m
30019077,BVcvv
30019077,BViPv
30019077,BVoCI
30019197,BVPoP
30019307,BVkdU
30019307,BVPp3
30019462,BVPoq
30019559,BVPQf
30019560,BVPQ1
30019615,BVoom
30019690,BVXrA
30019690,BVmAC
30019690,BVqhT
30019761,BVPb1
30019761,BVs9Y
30020157,cZtJO
30020157,cZtJS
30020157,cZtJR
30020157,cZtJN
30020324,BVuyq
30020785,cZnNT
30021003,BVQ1T
30021031,BVqRJ
30021032,BVqRJ
30021085,BVmfP
30021179,BVQHC
30021180,BVQHC
30021237,BVUOK
30021244,BVQFJ
30021483,BVPy2
30021483,BVVzg
30022036,BVUAX
30022053,BVPQX
30022274,BVi2T
30022533,BVKgo
30022661,BVPhx
30022662,BVQZk
30022694,BVWfE
30022714,BVa1P
30022861,ca4aV
30022952,BVqvc
30023128,BVQ5r
30023313,BVLOR
30023644,BVngk
30023712,BVR7S
30024157,BVR8e
30024213,BVigO
30024291,BVR7O
30024329,btpVI
30024427,BVQf4
30024456,caBMu
30024661,BVRI2
30024669,BVRE6
30024861,BVTku
30024975,BVRKe
30024976,BVRKe
30025025,BVRRU
30025146,BVRJQ
30025147,caBfP
30025147,ca0Iy
30025147,cZtsU
30025147,ca3On
30025147,ca79V
30025220,BVW7e
30025340,BVd0a
30025363,BVRLc
30025555,BVZpK
30025677,BVQsR
30025688,BVQyq
30025839,BVivE
30025843,BVTzG
30025891,BVRU0
30026062,BVREs
30026134,BVRHp
30026237,BVprn
30026315,BVigG
30026321,BVRTT
30026374,BVRYG
30026686,cZlsQ
30026686,cZsg3
30026734,BVRRh
30026735,BVozH
30026747,BVRAJ
30026747,BVoNQ
30027109,BVRoj
30027117,BVRH5
30027231,BVogp
30027715,BVRQ3
30027893,BVRJu
30028050,BVS3y
30028201,BVRlH
30028277,BVRqN
30028653,BVURf
30029022,BVOR9
30029047,BVRpU
30029445,BVYHF
30029489,cZoNv
30029604,BVmP6
30029886,BVqLu
30030087,BVSJT
30030396,BVbSa
30030403,BVSPs
30030403,BVfEG
30030717,BVLWS
30030939,BVtQE
30030939,BVUCD
30030939,khDS
30030939,BVZRw
30031159,BVfXA
30031159,BVjQy
30031163,BVmuR
30031372,BVmQV
30031386,BVS9V
30031402,BVSI6
30031473,BVSIO
30031821,BVN35
30031921,BVSNE
30032059,BVSQX
30032487,BVSQz
30032564,BVou6
30032626,BVeut
30032721,BVLRN
30033146,cZofI
30033158,BVSXy
30033305,cZomh
30033305,cZsJo
30033590,BVSj3
30033609,BVRFB
30033687,BVYHM
30033803,BVRFA
30033803,BVcwO
30033806,BVSgS
30033854,BVSgU
30033897,BVSsE
30033898,BVSrn
30034241,BViY6
30034293,BVSnb
30034294,BVSnb
30034400,BVSr3
30034417,BVSr2
30034450,BVloJ
30034606,BVSt9
30034606,BVnCv
30034621,BVmV7
30034680,BVSrF
30034683,BVUF2
30034683,BVSgT
30034810,BVStD
30035042,BVSo1
30035281,BVn6D
30035316,BVKfx
30035326,BVSTl
30035417,BVjsV
30035417,BVStW
30035495,ApLmf
30035546,BVSrT
30035604,BVmAB
30035604,BVV1C
30035686,BVT2i
30035697,BVoCH
30035729,cZtV2
30035729,cZtVH
30035740,BVT3x
30035741,BVT3x
30035909,BVSxd
30036237,BVSyE
30036346,BVT3o
30036509,BVTIg
30036509,BVcwL
30036509,BVnR8
30036665,BVpJv
30036732,BVT1w
30037104,BVTNT
30037223,BVn77
30037238,BVTDn
30037270,BVgGW
30037552,BVi9M
30038151,BVYol
30038218,BVldS
30038238,ca4aW
30038238,ca4aQ
30038238,ca4aR
30038238,ca4aU
30038238,ca4aS
30038238,ca4aT
30038380,BVobX
30038380,BVobW
30038419,BVTY9
30038441,BVTcV
30038504,BVnLb
30038504,BVTNO
30038518,BVTGo
30038920,BVwgN
30039072,BVQRO
30039565,BVTKm
30039700,BVTPk
30039712,BVTdt
30039748,BVTXS
30040001,ApUrI
30040129,ApUew
30040178,ApUqd
30040187,ApUrc
30040223,BVTuM
30040246,ApRnp
30040335,BVTLp
30040336,BVTro
30040372,BVYNI
30040425,BVc81
30040439,BVwgA
30040518,BVTs3
30040539,cZqET
30040631,BVeob
30040699,BVtGX
30040844,BVTnN
30041255,BVU1s
30041267,BVTt0
30041268,BVTt0
30041601,BVU47
30041644,BVU0q
30041644,BVYMY
30041733,BVU20
30041763,BVVwC
30041828,BVm1f
30041833,BVUAF
30041924,BVU9b
30042285,BVU6I
30042426,BVlvH
30042818,BVUGt
30042853,BVpLK
30042872,BVUHN
30042910,BVUHH
30042979,BVs79
30042979,BVUIR
30042997,BVtPe
30042997,BVUIm
30043001,BVUIb
30043036,BVUJM
30043305,BViUf
30043610,BVUSo
30043612,BVUOB
30043618,BVf01
30043629,BVREm
30043820,BVZ8u
30043820,BVUOO
30043990,caBWx
30044037,BVUXl
30044037,BVYJP
30044038,BVURH
30044051,BVt1f
30044090,BVUVL
30044203,BVURe
30044215,BVUbn
30044246,BVmA5
30044254,BVtpF
30044260,BVl7N
30044262,BVj0E
30044262,BVUcW
30044384,BVUep
30044534,BVUVq
30044583,BVUk9
30044613,BVUh6
30044640,BVUf1
30044940,BVUhp
30044940,BVVZE
30044940,BVVD7
30044952,BVUWu
30045294,BVWq1
30045523,BVnYm
30045623,BVZFE
30045627,BVUw2
30045628,BVUw2
30046010,BVV1q
30046190,BVaIi
30046190,BVV7b
30046606,BVVKQ
30046609,BVoaZ
30046669,BVVGa
30046826,BVVPV
30046835,cZy1O
30046913,BVVPI
30047004,BVQPY
30047062,BVoFc
30047188,BVVYA
30047189,BVVYA
30047341,BVVQj
30047369,BVVcA
30047369,BVcHV
30047983,BVeJ4
30048414,BVVqm
30048548,BVth4
30048748,BVW2i
30048752,BVo1N
30048766,BVVzg
30048787,BVp4Q
30048841,BVVdJ
30049011,BVm5f
30049063,BVnHm
30049063,BVj8Y
30049280,BVVwE
30049674,BVVzR
30049675,BVVzR
30049719,BVW4j
30049728,BVW1I
30049770,BVWCl
30050005,BVlfi
30050179,cZsfd
30050242,BVWOu
30050312,BVWP3
30050317,BVWP2
30050507,BVXRn
30050687,BVWS8
30050724,BVWTI
30050874,BVWUA
30050987,BVWTP
30050998,BVWaI
30051188,BVWTA
30051225,BVWEB
30051271,BVp4b
30051481,BVmOp
30051497,BVWUw
30051680,BVWlZ
30051722,BVoVd
30051756,BVmo2
30051757,BVnqF
30051797,BVWeD
30051798,BVWeD
30051842,cZt08
30051860,BVWir
30051973,BVWnI
30051977,BVWJR
30052002,BVUJD
30052564,BVQxp
30053065,BVX74
30053349,BVZfq
30053712,BVXC3
30054005,BVXBi
30054110,BVXAl
30054512,BVX09
30054545,BVWuP
30054884,BVX9z
30054931,BVVP7
30054933,BVoaJ
30054937,cZtKc
30054941,ca5Ee
30054977,BVYTO
30056797,BVXfl
30056928,BVlu7
30056955,BVXcV
30056957,BVXdX
30056965,BVXbn
30056986,BVtw8
30057058,BVc62
30057064,BVXr7
30057068,BVo1H
30057069,BVo1H
30057332,BVkOA
30057440,BVt3Q
30057538,BVXyK
30057730,BVtwA
30058191,BVogY
30058197,BVS7y
30058286,BVqKT
30058515,BVtPd
30058535,BVXd7
30058747,BVQ0s
30058950,BVY7A
30058950,BVmeR
30059174,BVYGF
30059369,BVX9z
30059511,BVvRU
30059528,BVYFw
30059774,BVXij
30059924,BVYIN
30059940,BVfRV
30059959,BVYIS
30060000,ca9qL
30060003,BVYG4
30060038,BVnLI
30060399,BVlIi
30060615,ApMAM
30060649,ApRnN
30060649,BVYMm
30060815,BVOPm
30060966,BVYU1
30060978,BVYNw
30061332,BVYVw
30061500,BVYko
30061555,BVUhG
30061812,BVYoX
30062058,BVo1V
30062106,BVYrd
30062442,BVqfv
30062442,BVR2A
30062447,BVYUC
30062447,BVexf
30062665,BVYyb
30062731,BVYoQ
30063124,BVYxv
30063571,BVZGk
30063998,BVZJ4
30064215,BVZ9z
30064296,cZyAu
30064296,cZzbg
30064296,cZvUR
30064341,BVYwy
30064718,BVm1G
30064744,BVJXD
30065170,BVt4r
30065586,BVZfH
30065924,BViDj
30065924,BVbj5
30065924,BVZYT
30065925,BVZYT
30065925,BVbj5
30066120,BVZyF
30066152,BVYNM
30066170,BVZhr
30066172,BVfW9
30066172,BVYNO
30066607,BVa1e
30066609,BVa1S
30066726,BVaIU
30066847,BVa1Y
30066995,BVf1A
30067074,BVp2z
30067373,BVaTm
30067966,BVagi
30068319,BValU
30068448,BVs9Z
30068817,BVaca
30068818,BVigA
30069066,BVlbB
30069089,BVZxV
30069177,BVtw9
30069325,BVabj
30069351,BVais
30069483,BVhY4
30069675,BVb0n
30069722,BVasA
30069746,BVdi9
30069808,BVaj2
30070024,BVajB
30070040,BValh
30070044,BVb7g
30070128,BValY
30070267,BVwe5
30070382,BVtv4
30070595,BVsko
30070602,BVb3X
30070679,BVb4q
30070696,BVbR9
30070713,BVbSw
30070760,BVbTS
30070959,BVb54
30071422,BVx0t
30071475,BVbfp
30071672,BVb7k
30071908,BVb6l
30071988,BVbWT
30072024,BVZfH
30072231,BVbwh
30072317,BVwjp
30072388,BVbtp
30072432,BVc1K
30072570,BVbk7
30072819,BVcEu
30072899,BVlMz
30072965,BVbwh
30073090,BVcI3
30073091,BVcI4
30073100,BVqm4
30073111,BVp6o
30073166,BVcHM
30073281,BVcI1
30073282,BVcI1
30073383,BVcL0
30073512,ca5Ee
30073574,BVcOb
30073576,BVcOb
30073666,BVprn
30073745,BVcOu
30073747,BVcOw
30074202,BVcPy
30074405,BVcPh
30074535,BVcQ8
30074587,BVlfj
30074733,BVcPQ
30075149,BVe2a
30075196,BVuzf
30075212,BVcbC
30075328,BVcmN
30075428,BVnCn
30075617,BVcIj
30075619,BVcIj
30075619,ApR2f
30075739,BVcyq
30075740,BVcyq
30075746,BVcPc
30075853,BVwhz
30076177,BVczK
30076189,BVStV
30076345,BVqK2
30076439,BVwrg
30076730,BVv9Q
30076774,BVdBG
30076845,BVcvy
30076994,BVdCH
30077242,BVd05
30077243,BVd05
30077262,BVtKG
30077287,BVoom
30077288,BVdFn
30077764,BVdCG
30077842,BVdP4
30078042,BVURJ
30078046,BVdjm
30078050,BVdhd
30078215,BVdn2
30078242,BVnZ7
30078302,BVhPs
30078302,cZv0g
30078355,ca4GK
30078355,cZzpm
30078355,cZzpq
30078356,cZzpq
30078356,ca4GK
30078666,BVdi6
30079090,BVdDX
30079235,BVe2a
30079304,BVdvn
30079353,BVwhj
30079485,BVgIX
30079557,BVeAx
30079695,BVgnA
30079709,BVeDQ
30080123,BVeDG
30080418,BVdhY
30080433,BViPi
30080433,BVhgC
30080443,BVeC5
30080495,BVeGQ
30080495,BVoaC
30080559,BVr0h
30080559,BVoQh
30080571,BVeGN
30081008,BVeFU
30081277,BVeAG
30081278,BVeAG
30081496,BVeCU
30081555,BVeNw
30081555,BVjC5
30081556,BVjC5
30081556,BVeNw
30081568,BVeO3
30081615,BVeGY
30081655,BVeKi
30081982,ca1oX
30082511,BVjng
30082542,BVeUm
30082611,BVpid
30082773,BVtaV
30082774,BVtaV
30082896,BVMFj
30082921,BVefz
30082961,BVeeh
30082963,BVeej
30083004,BVeen
30083081,BVeft
30083280,BVeeQ
30083317,BVnfJ
30083601,caBWx
30083608,BVmHy
30083959,BViuQ
30084006,BVeh4
30084479,BVf8j
30084714,BVoa0
30084743,BVf5u
30084744,BVep8
30084747,BVep5
30084748,BVkDn
30084748,BVepE
30084847,BVwxe
30085614,BVfHV
30085932,BVk72
30085938,BVfue
30085980,BVfS9
30086400,BVfWB
30086438,BVgpQ
30086859,BVg62
30086888,BVpM4
30086929,BVgfb
30086955,BVgFf
30087499,BVgRT
30087728,BVpwV
30087728,BVnM3
30087801,ca5kW
30088096,BVhQM
30088256,BVhVI
30088525,BVhQ0
30088526,BVhQ0
30088738,BVhvx
30088955,BViH9
30088955,BVvS0
30089021,BViKc
30089375,BViLO
30089388,BVrAC
30089389,BVrAC
30089463,BVh0N
30089509,BViIT
30089510,BViIT
30089727,BVlLl
30089727,BVi9L
30089967,BVguF
30090066,BViTA
30090391,BViUS
30090444,ca4lN
30090444,ca4lP
30090444,ca4lO
30090455,BViLB
30090688,BVhin
30090933,BViM7
30090964,BViYB
30090968,BViYJ
30090968,BVtQF
30090969,BViYK
30091047,BVivE
30091231,ca3nv
30091231,caAUL
30091254,BVnm2
30091517,ApLfE
30091517,BVwn6
30091680,BVigB
30091681,BVigB
30091995,BVhWM
30092016,BVhWE
30092328,BVirg
30092425,BVisx
30092755,BVic3
30093206,BViyG
30093207,BViyG
30093527,BVj7N
30093611,BVuA9
30093673,BVmpS
30094139,BVjFB
30094257,BViyX
30094258,BVnHN
30094264,BVsb9
30094484,BVnfa
30094589,BVj87
30094656,BVjRS
30094665,BVjGP
30094722,BVjRp
30095039,BVjRy
30095302,BVjfF
30095338,BVjcD
30095477,BVotG
30095766,BVtfA
30095883,BVjhA
30095958,ca5yQ
30096101,BVjl2
30096116,BVjm0
30096184,BVjjO
30096234,BVjlS
30096299,BVj4U
30096317,BVjnX
30096386,BVjoF
30096539,BVjpf
30096574,BVjpV
30096631,BVjq7
30096656,BVjqs
30096797,BVjsn
30096830,BVjso
30096911,BVjuF
30097017,BVjvc
30097051,BVjsA
30097203,BVjxn
30097409,BVjuF
30097759,BVk3I
30097759,cZzpp
30098100,BVk72
30098105,BVk71
30098341,BVk8y
30098500,BVk7A
30098811,BVkEk
30098884,BVmlg
30099341,BVkPT
30100097,BVkdZ
30100230,BVkho
30100236,BVkhd
30100260,BVkhn
30100340,BVkLI
30100501,BVkkA
30100502,BVkkA
30100795,BVkPj
30101299,BVkqs
30101339,BVkyB
30101382,BVXxl
30101580,BVl0B
30101595,ca4aV
30101848,BVl1s
30101937,BVl05
30102568,BVl7J
30103155,BVlA2
30103171,BVl99
30103172,BVl99
30103936,BVlIg
30103937,BVlIg
30104396,BVlLv
30104785,BVlWb
30104813,BVNGh
30104881,cZzcG
30105122,BVlaE
30105123,BVlaE
30105172,BVlK7
30105772,BVpGQ
30105803,BVlib
30106124,BVldb
30106480,BVljl
30106655,BVltY
30106681,BVlqX
30106707,BVlq9
30106875,BVkrF
30106899,BVkhn
30107224,BVm0L
30107475,BVm5e
30107599,BVm5x
30107665,BVm6f
30107679,BVm6B
30107680,BVcOw
30107894,BVm1s
30107992,BVm1r
30108004,BVm1h
30108012,BVmAB
30108013,BVt1e
30108013,BVm1D
30108053,BVmAD
30108064,BVm1r
30108121,BVlqb
30108135,ca8Jb
30108264,BVm5g
30108325,ca8MC
30108453,BVm1O
30108636,ca8Xa
30108856,BVmIa
30109086,BVmKv
30109255,BVOgM
30109483,BVmIk
30109527,BVmPV
30109734,BVm5d
30110086,BVmT7
30110233,BVmF3
30110257,BVmVA
30110258,BVmVA
30110400,BVx6O
30111001,BVmeo
30111167,BVlsl
30111586,BVmkD
30111742,BVmoY
30111985,BVmqN
30112520,BVmSr
30112767,BVmui
30112957,BVmum
30113136,BVmun
30113188,BVmoC
30113232,BVmuY
30113246,BVmtf
30113558,BVn7L
30113764,ca3lD
30113797,BVn6X
30113986,BVu7V
30114109,BVnCu
30114769,BVnIo
30114936,BVnIt
30115560,BVpnX
30115927,BVmYY
30115952,BVnT5
30115973,BVmsY
30116587,BVnWX
30116759,BVnM0
30116760,BVnM0
30117067,BVnLz
30117302,BVnXj
30117367,BVnM9
30117382,BVnM4
30117688,BVndm
30117765,BVnfZ
30117804,BVnZ6
30118073,BVnLy
30118076,BVnLH
30118444,BVnlu
30118444,BVpRc
30119190,BVne0
30119332,BVnu2
30119629,BVoR0
30119855,BVnwr
30120370,BVo1R
30120385,BVnz9
30120399,BVo1d
30120917,BVo7b
30121472,BVoCW
30121482,BVoBu
30121596,BVo4o
30121628,BVo7g
30122403,BVoNX
30122709,BVoP2
30122921,BVoQs
30122934,BVoN9
30123006,BVoTa
30123106,BVoVP
30123417,BVoXu
30123534,BVoVY
30123659,BVoaR
30123677,BVoaV
30123824,BVoaM
30123959,BVoaW
30125045,BVomy
30125289,BVopO
30125726,BVouB
30125749,BVov9
30126176,caBE1
30126717,BVp4S
30126745,BVoxP
30126790,BVp5U
30126987,BVp4W
30127099,BVpBq
30127254,BVp6F
30127349,BVojx
30127376,BVr2f
30127937,BVpGT
30127937,BVpGU
30128366,BVpJd
30128368,BVpJS
30128738,BVpEt
30129633,BVpJ7
30129897,BVt36
30130012,BVpWt
30130073,caBvx
30130262,BVrzP
30130292,BVph0
30130385,BVpWY
30130835,BVpkX
30131262,BVpn5
30131263,BVpn5
30131452,BVvu0
30131452,BVpoA
30131453,BVpoB
30131595,BVqY5
30132957,BVq8R
30133096,ApQzt
30133340,BVqCW
30133420,BVwrB
30133526,BVqDt
30133629,BVqEV
30133705,ApRnQ
30133705,BVnm1
30133705,BVWTX
30133727,BVqJI
30133937,BVqKR
30134361,BVqP9
30134401,BVqPE
30135051,BVqTV
30135116,BVqU8
30135194,BVqYH
30135220,BVqYG
30135307,BVqY5
30135361,BVTYc
30135397,BVqce
30135644,BVqUa
30135684,BVqi3
30135805,BVqhW
30135806,BVqhW
30135911,BVqlK
30136449,BVr0w
30137675,BVrK3
30137700,BVrIA
30137755,BVrIg
30138300,BVOi2
30138302,ApM0l
30138350,BVrnf
30138760,BVs0C
30139177,BVs0V
30139643,BVKbf
30139685,BVs7G
30139687,BVs7C
30139973,BVs7I
30140429,BVsbr
30140467,BVsPR
30140487,BVs9t
30140602,BVsb4
30141141,BVspV
30141142,BVspV
30141222,BVfFm
30141324,BVsrh
30141324,BVsri
30141325,BVsri
30141325,BVsrh
30141363,BVssM
30141438,BVoTc
30142000,BVsyp
30142053,BVszl
30142294,BVsZQ
30142346,BVt2r
30142563,BVt3d
30142753,BVt4d
30142781,BVt4c
30143085,BVtG6
30143115,BVUaO
30143162,BVtGb
30143211,BVtJu
30143237,BVtKG
30143244,BVtKO
30143655,BVtJs
30144301,BVRoi
30144983,BVZ2w
30145407,BVZ7S
30145458,BVtv4
30145668,BVtvu
30145999,BVuxr
30145999,BVu7G
30146397,BVTYc
30146821,BVuRl
30147628,BVv2D
30147698,BVv5y
30147700,BVv0D
30147916,BVv60
30147985,BVQMj
30147986,BVQMj
30147989,BVuz6
30148398,BVv6e
30148447,BVuye
30148467,BVuy3
30148547,BVv6s
30148629,BVv0z
30149532,BVwQw
30149808,BVwfw
30149953,BVvu5
30150518,8O0f
30150864,BVwz2
30151153,BVx11
30152279,BVOeJ
30152295,BVUAF
