TIMESHEET_ID,TIMESHEET_PAYROLLDATE,TIMESHEET_HOURLYRATE,TIMESHEET_EMPLOYEE_ID,TIMESHEET_HOURS
1,2010-01-04T00:00:00.000Z,14.1500,2,40.0
2,2010-01-04T00:00:00.000Z,12.4500,3,11.0
3,2010-01-04T00:00:00.000Z,18.9000,5,40.0
4,2010-01-04T00:00:00.000Z,17.4500,6,40.0
5,2010-01-04T00:00:00.000Z,11.3500,7,40.0
6,2010-01-04T00:00:00.000Z,11.6000,8,40.0
7,2010-01-04T00:00:00.000Z,11.0000,9,40.0
8,2010-01-04T00:00:00.000Z,11.9500,10,40.0
9,2010-01-04T00:00:00.000Z,10.8000,11,11.0
10,2010-01-04T00:00:00.000Z,10.2500,12,40.0
11,2010-01-04T00:00:00.000Z,14.7500,14,40.0
12,2010-01-04T00:00:00.000Z,10.5500,15,11.0
13,2010-01-04T00:00:00.000Z,12.6500,16,40.0
14,2010-01-04T00:00:00.000Z,9.2500,17,11.0
15,2010-01-04T00:00:00.000Z,8.9000,18,11.0
16,2010-01-04T00:00:00.000Z,9.4500,19,40.0
17,2010-01-04T00:00:00.000Z,19.5500,20,40.0
18,2010-01-04T00:00:00.000Z,13.3500,21,40.0
19,2010-01-04T00:00:00.000Z,11.0000,22,11.0
20,2010-01-04T00:00:00.000Z,17.5000,24,40.0
21,2010-01-04T00:00:00.000Z,10.9000,25,40.0
22,2010-01-04T00:00:00.000Z,10.0000,26,11.0
23,2010-01-04T00:00:00.000Z,19.2000,27,40.0
24,2010-01-04T00:00:00.000Z,13.5000,29,40.0
25,2010-01-04T00:00:00.000Z,12.9500,30,40.0
26,2010-01-04T00:00:00.000Z,21.5000,31,40.0
27,2010-01-04T00:00:00.000Z,28.5000,32,40.0
28,2010-01-04T00:00:00.000Z,68.8500,33,40.0
29,2010-01-11T00:00:00.000Z,14.1500,2,40.0
30,2010-01-11T00:00:00.000Z,12.4500,3,10.0
31,2010-01-11T00:00:00.000Z,18.9000,5,40.0
32,2010-01-11T00:00:00.000Z,17.4500,6,40.0
33,2010-01-11T00:00:00.000Z,11.3500,7,40.0
34,2010-01-11T00:00:00.000Z,11.6000,8,40.0
35,2010-01-11T00:00:00.000Z,11.0000,9,40.0
36,2010-01-11T00:00:00.000Z,11.9500,10,40.0
37,2010-01-11T00:00:00.000Z,10.8000,11,10.0
38,2010-01-11T00:00:00.000Z,10.2500,12,40.0
39,2010-01-11T00:00:00.000Z,14.7500,14,40.0
40,2010-01-11T00:00:00.000Z,10.5500,15,10.0
41,2010-01-11T00:00:00.000Z,12.6500,16,40.0
42,2010-01-11T00:00:00.000Z,9.2500,17,10.0
43,2010-01-11T00:00:00.000Z,8.9000,18,10.0
44,2010-01-11T00:00:00.000Z,9.4500,19,40.0
45,2010-01-11T00:00:00.000Z,19.5500,20,40.0
46,2010-01-11T00:00:00.000Z,13.3500,21,40.0
47,2010-01-11T00:00:00.000Z,11.0000,22,10.0
48,2010-01-11T00:00:00.000Z,17.5000,24,40.0
49,2010-01-11T00:00:00.000Z,10.9000,25,40.0
50,2010-01-11T00:00:00.000Z,10.0000,26,10.0
51,2010-01-11T00:00:00.000Z,19.2000,27,40.0
52,2010-01-11T00:00:00.000Z,13.5000,29,40.0
53,2010-01-11T00:00:00.000Z,12.9500,30,40.0
54,2010-01-11T00:00:00.000Z,21.5000,31,40.0
55,2010-01-11T00:00:00.000Z,28.5000,32,40.0
56,2010-01-11T00:00:00.000Z,68.8500,33,40.0
57,2010-01-18T00:00:00.000Z,14.1500,2,40.0
58,2010-01-18T00:00:00.000Z,12.4500,3,14.0
59,2010-01-18T00:00:00.000Z,18.9000,5,40.0
60,2010-01-18T00:00:00.000Z,17.4500,6,40.0
61,2010-01-18T00:00:00.000Z,11.3500,7,40.0
62,2010-01-18T00:00:00.000Z,11.6000,8,40.0
63,2010-01-18T00:00:00.000Z,11.0000,9,40.0
64,2010-01-18T00:00:00.000Z,11.9500,10,40.0
65,2010-01-18T00:00:00.000Z,10.8000,11,14.0
66,2010-01-18T00:00:00.000Z,10.2500,12,40.0
67,2010-01-18T00:00:00.000Z,14.7500,14,40.0
68,2010-01-18T00:00:00.000Z,10.5500,15,14.0
69,2010-01-18T00:00:00.000Z,12.6500,16,40.0
70,2010-01-18T00:00:00.000Z,9.2500,17,14.0
71,2010-01-18T00:00:00.000Z,8.9000,18,14.0
72,2010-01-18T00:00:00.000Z,9.4500,19,40.0
73,2010-01-18T00:00:00.000Z,19.5500,20,40.0
74,2010-01-18T00:00:00.000Z,13.3500,21,40.0
75,2010-01-18T00:00:00.000Z,11.0000,22,14.0
76,2010-01-18T00:00:00.000Z,17.5000,24,40.0
77,2010-01-18T00:00:00.000Z,10.9000,25,40.0
78,2010-01-18T00:00:00.000Z,10.0000,26,14.0
79,2010-01-18T00:00:00.000Z,19.2000,27,40.0
80,2010-01-18T00:00:00.000Z,13.5000,29,40.0
81,2010-01-18T00:00:00.000Z,12.9500,30,40.0
82,2010-01-18T00:00:00.000Z,21.5000,31,40.0
83,2010-01-18T00:00:00.000Z,28.5000,32,40.0
84,2010-01-18T00:00:00.000Z,68.8500,33,40.0
85,2010-01-25T00:00:00.000Z,14.1500,2,40.0
86,2010-01-25T00:00:00.000Z,12.4500,3,19.0
87,2010-01-25T00:00:00.000Z,18.9000,5,40.0
88,2010-01-25T00:00:00.000Z,17.4500,6,40.0
89,2010-01-25T00:00:00.000Z,11.3500,7,40.0
90,2010-01-25T00:00:00.000Z,11.6000,8,40.0
91,2010-01-25T00:00:00.000Z,11.0000,9,40.0
92,2010-01-25T00:00:00.000Z,11.9500,10,40.0
93,2010-01-25T00:00:00.000Z,10.8000,11,19.0
94,2010-01-25T00:00:00.000Z,10.2500,12,40.0
95,2010-01-25T00:00:00.000Z,14.7500,14,40.0
96,2010-01-25T00:00:00.000Z,10.5500,15,19.0
97,2010-01-25T00:00:00.000Z,12.6500,16,40.0
98,2010-01-25T00:00:00.000Z,9.2500,17,19.0
99,2010-01-25T00:00:00.000Z,8.9000,18,19.0
100,2010-01-25T00:00:00.000Z,9.4500,19,40.0
101,2010-01-25T00:00:00.000Z,19.5500,20,40.0
102,2010-01-25T00:00:00.000Z,13.3500,21,40.0
103,2010-01-25T00:00:00.000Z,11.0000,22,19.0
104,2010-01-25T00:00:00.000Z,17.5000,24,40.0
105,2010-01-25T00:00:00.000Z,10.9000,25,40.0
106,2010-01-25T00:00:00.000Z,10.0000,26,19.0
107,2010-01-25T00:00:00.000Z,19.2000,27,40.0
108,2010-01-25T00:00:00.000Z,13.5000,29,40.0
109,2010-01-25T00:00:00.000Z,12.9500,30,40.0
110,2010-01-25T00:00:00.000Z,21.5000,31,40.0
111,2010-01-25T00:00:00.000Z,28.5000,32,40.0
112,2010-01-25T00:00:00.000Z,68.8500,33,40.0
113,2010-02-01T00:00:00.000Z,14.1500,2,40.0
114,2010-02-01T00:00:00.000Z,12.4500,3,17.0
115,2010-02-01T00:00:00.000Z,18.9000,5,40.0
116,2010-02-01T00:00:00.000Z,17.4500,6,40.0
117,2010-02-01T00:00:00.000Z,11.3500,7,40.0
118,2010-02-01T00:00:00.000Z,11.6000,8,40.0
119,2010-02-01T00:00:00.000Z,11.0000,9,40.0
120,2010-02-01T00:00:00.000Z,11.9500,10,40.0
121,2010-02-01T00:00:00.000Z,10.8000,11,17.0
122,2010-02-01T00:00:00.000Z,10.2500,12,40.0
123,2010-02-01T00:00:00.000Z,14.7500,14,40.0
124,2010-02-01T00:00:00.000Z,10.5500,15,17.0
125,2010-02-01T00:00:00.000Z,12.6500,16,40.0
126,2010-02-01T00:00:00.000Z,9.2500,17,17.0
127,2010-02-01T00:00:00.000Z,8.9000,18,17.0
128,2010-02-01T00:00:00.000Z,9.4500,19,40.0
129,2010-02-01T00:00:00.000Z,19.5500,20,40.0
130,2010-02-01T00:00:00.000Z,13.3500,21,40.0
131,2010-02-01T00:00:00.000Z,11.0000,22,17.0
132,2010-02-01T00:00:00.000Z,17.5000,24,40.0
133,2010-02-01T00:00:00.000Z,10.9000,25,40.0
134,2010-02-01T00:00:00.000Z,10.0000,26,17.0
135,2010-02-01T00:00:00.000Z,19.2000,27,40.0
136,2010-02-01T00:00:00.000Z,13.5000,29,40.0
137,2010-02-01T00:00:00.000Z,12.9500,30,40.0
138,2010-02-01T00:00:00.000Z,21.5000,31,40.0
139,2010-02-01T00:00:00.000Z,28.5000,32,40.0
140,2010-02-01T00:00:00.000Z,68.8500,33,40.0
141,2010-02-08T00:00:00.000Z,14.1500,2,40.0
142,2010-02-08T00:00:00.000Z,12.4500,3,13.0
143,2010-02-08T00:00:00.000Z,18.9000,5,40.0
144,2010-02-08T00:00:00.000Z,17.4500,6,40.0
145,2010-02-08T00:00:00.000Z,11.3500,7,40.0
146,2010-02-08T00:00:00.000Z,11.6000,8,40.0
147,2010-02-08T00:00:00.000Z,11.0000,9,40.0
148,2010-02-08T00:00:00.000Z,11.9500,10,40.0
149,2010-02-08T00:00:00.000Z,10.8000,11,13.0
150,2010-02-08T00:00:00.000Z,10.2500,12,40.0
151,2010-02-08T00:00:00.000Z,14.7500,14,40.0
152,2010-02-08T00:00:00.000Z,10.5500,15,13.0
153,2010-02-08T00:00:00.000Z,12.6500,16,40.0
154,2010-02-08T00:00:00.000Z,9.2500,17,13.0
155,2010-02-08T00:00:00.000Z,8.9000,18,13.0
156,2010-02-08T00:00:00.000Z,9.4500,19,40.0
157,2010-02-08T00:00:00.000Z,19.5500,20,40.0
158,2010-02-08T00:00:00.000Z,13.3500,21,40.0
159,2010-02-08T00:00:00.000Z,11.0000,22,13.0
160,2010-02-08T00:00:00.000Z,17.5000,24,40.0
161,2010-02-08T00:00:00.000Z,10.9000,25,40.0
162,2010-02-08T00:00:00.000Z,10.0000,26,13.0
163,2010-02-08T00:00:00.000Z,19.2000,27,40.0
164,2010-02-08T00:00:00.000Z,13.5000,29,40.0
165,2010-02-08T00:00:00.000Z,12.9500,30,40.0
166,2010-02-08T00:00:00.000Z,21.5000,31,40.0
167,2010-02-08T00:00:00.000Z,28.5000,32,40.0
168,2010-02-08T00:00:00.000Z,68.8500,33,40.0
169,2010-02-15T00:00:00.000Z,14.1500,2,40.0
170,2010-02-15T00:00:00.000Z,12.4500,3,18.0
171,2010-02-15T00:00:00.000Z,18.9000,5,40.0
172,2010-02-15T00:00:00.000Z,17.4500,6,40.0
173,2010-02-15T00:00:00.000Z,11.3500,7,40.0
174,2010-02-15T00:00:00.000Z,11.6000,8,40.0
175,2010-02-15T00:00:00.000Z,11.0000,9,40.0
176,2010-02-15T00:00:00.000Z,11.9500,10,40.0
177,2010-02-15T00:00:00.000Z,10.8000,11,18.0
178,2010-02-15T00:00:00.000Z,10.2500,12,40.0
179,2010-02-15T00:00:00.000Z,14.7500,14,40.0
180,2010-02-15T00:00:00.000Z,10.5500,15,18.0
181,2010-02-15T00:00:00.000Z,12.6500,16,40.0
182,2010-02-15T00:00:00.000Z,9.2500,17,18.0
183,2010-02-15T00:00:00.000Z,8.9000,18,18.0
184,2010-02-15T00:00:00.000Z,9.4500,19,40.0
185,2010-02-15T00:00:00.000Z,19.5500,20,40.0
186,2010-02-15T00:00:00.000Z,13.3500,21,40.0
187,2010-02-15T00:00:00.000Z,11.0000,22,18.0
188,2010-02-15T00:00:00.000Z,17.5000,24,40.0
189,2010-02-15T00:00:00.000Z,10.9000,25,40.0
190,2010-02-15T00:00:00.000Z,10.0000,26,18.0
191,2010-02-15T00:00:00.000Z,19.2000,27,40.0
192,2010-02-15T00:00:00.000Z,13.5000,29,40.0
193,2010-02-15T00:00:00.000Z,12.9500,30,40.0
194,2010-02-15T00:00:00.000Z,21.5000,31,40.0
195,2010-02-15T00:00:00.000Z,28.5000,32,40.0
196,2010-02-15T00:00:00.000Z,68.8500,33,40.0
197,2010-02-22T00:00:00.000Z,14.1500,2,40.0
198,2010-02-22T00:00:00.000Z,12.4500,3,10.0
199,2010-02-22T00:00:00.000Z,18.9000,5,40.0
200,2010-02-22T00:00:00.000Z,17.4500,6,40.0
201,2010-02-22T00:00:00.000Z,11.3500,7,40.0
202,2010-02-22T00:00:00.000Z,11.6000,8,40.0
203,2010-02-22T00:00:00.000Z,11.0000,9,40.0
204,2010-02-22T00:00:00.000Z,11.9500,10,40.0
205,2010-02-22T00:00:00.000Z,10.8000,11,10.0
206,2010-02-22T00:00:00.000Z,10.2500,12,40.0
207,2010-02-22T00:00:00.000Z,14.7500,14,40.0
208,2010-02-22T00:00:00.000Z,10.5500,15,10.0
209,2010-02-22T00:00:00.000Z,12.6500,16,40.0
210,2010-02-22T00:00:00.000Z,9.2500,17,10.0
211,2010-02-22T00:00:00.000Z,8.9000,18,10.0
212,2010-02-22T00:00:00.000Z,9.4500,19,40.0
213,2010-02-22T00:00:00.000Z,19.5500,20,40.0
214,2010-02-22T00:00:00.000Z,13.3500,21,40.0
215,2010-02-22T00:00:00.000Z,11.0000,22,10.0
216,2010-02-22T00:00:00.000Z,17.5000,24,40.0
217,2010-02-22T00:00:00.000Z,10.9000,25,40.0
218,2010-02-22T00:00:00.000Z,10.0000,26,10.0
219,2010-02-22T00:00:00.000Z,19.2000,27,40.0
220,2010-02-22T00:00:00.000Z,13.5000,29,40.0
221,2010-02-22T00:00:00.000Z,12.9500,30,40.0
222,2010-02-22T00:00:00.000Z,21.5000,31,40.0
223,2010-02-22T00:00:00.000Z,28.5000,32,40.0
224,2010-02-22T00:00:00.000Z,68.8500,33,40.0
225,2010-03-01T00:00:00.000Z,14.1500,2,40.0
226,2010-03-01T00:00:00.000Z,12.4500,3,17.0
227,2010-03-01T00:00:00.000Z,18.9000,5,40.0
228,2010-03-01T00:00:00.000Z,17.4500,6,40.0
229,2010-03-01T00:00:00.000Z,11.3500,7,40.0
230,2010-03-01T00:00:00.000Z,11.6000,8,40.0
231,2010-03-01T00:00:00.000Z,11.0000,9,40.0
232,2010-03-01T00:00:00.000Z,11.9500,10,40.0
233,2010-03-01T00:00:00.000Z,10.8000,11,17.0
234,2010-03-01T00:00:00.000Z,10.2500,12,40.0
235,2010-03-01T00:00:00.000Z,14.7500,14,40.0
236,2010-03-01T00:00:00.000Z,10.5500,15,17.0
237,2010-03-01T00:00:00.000Z,12.6500,16,40.0
238,2010-03-01T00:00:00.000Z,9.2500,17,17.0
239,2010-03-01T00:00:00.000Z,8.9000,18,17.0
240,2010-03-01T00:00:00.000Z,9.4500,19,40.0
241,2010-03-01T00:00:00.000Z,19.5500,20,40.0
242,2010-03-01T00:00:00.000Z,13.3500,21,40.0
243,2010-03-01T00:00:00.000Z,11.0000,22,17.0
244,2010-03-01T00:00:00.000Z,17.5000,24,40.0
245,2010-03-01T00:00:00.000Z,10.9000,25,40.0
246,2010-03-01T00:00:00.000Z,10.0000,26,17.0
247,2010-03-01T00:00:00.000Z,19.2000,27,40.0
248,2010-03-01T00:00:00.000Z,13.5000,29,40.0
249,2010-03-01T00:00:00.000Z,12.9500,30,40.0
250,2010-03-01T00:00:00.000Z,21.5000,31,40.0
251,2010-03-01T00:00:00.000Z,28.5000,32,40.0
252,2010-03-01T00:00:00.000Z,68.8500,33,40.0
253,2010-03-08T00:00:00.000Z,14.1500,2,40.0
254,2010-03-08T00:00:00.000Z,12.4500,3,18.0
255,2010-03-08T00:00:00.000Z,18.9000,5,40.0
256,2010-03-08T00:00:00.000Z,17.4500,6,40.0
257,2010-03-08T00:00:00.000Z,11.3500,7,40.0
258,2010-03-08T00:00:00.000Z,11.6000,8,40.0
259,2010-03-08T00:00:00.000Z,11.0000,9,40.0
260,2010-03-08T00:00:00.000Z,11.9500,10,40.0
261,2010-03-08T00:00:00.000Z,10.8000,11,18.0
262,2010-03-08T00:00:00.000Z,10.2500,12,40.0
263,2010-03-08T00:00:00.000Z,14.7500,14,40.0
264,2010-03-08T00:00:00.000Z,10.5500,15,18.0
265,2010-03-08T00:00:00.000Z,12.6500,16,40.0
266,2010-03-08T00:00:00.000Z,9.2500,17,18.0
267,2010-03-08T00:00:00.000Z,8.9000,18,18.0
268,2010-03-08T00:00:00.000Z,9.4500,19,40.0
269,2010-03-08T00:00:00.000Z,19.5500,20,40.0
270,2010-03-08T00:00:00.000Z,13.3500,21,40.0
271,2010-03-08T00:00:00.000Z,11.0000,22,18.0
272,2010-03-08T00:00:00.000Z,17.5000,24,40.0
273,2010-03-08T00:00:00.000Z,10.9000,25,40.0
274,2010-03-08T00:00:00.000Z,10.0000,26,18.0
275,2010-03-08T00:00:00.000Z,19.2000,27,40.0
276,2010-03-08T00:00:00.000Z,13.5000,29,40.0
277,2010-03-08T00:00:00.000Z,12.9500,30,40.0
278,2010-03-08T00:00:00.000Z,21.5000,31,40.0
279,2010-03-08T00:00:00.000Z,28.5000,32,40.0
280,2010-03-08T00:00:00.000Z,68.8500,33,40.0
281,2010-03-15T00:00:00.000Z,14.1500,2,40.0
282,2010-03-15T00:00:00.000Z,12.4500,3,19.0
283,2010-03-15T00:00:00.000Z,18.9000,5,40.0
284,2010-03-15T00:00:00.000Z,17.4500,6,40.0
285,2010-03-15T00:00:00.000Z,11.3500,7,40.0
286,2010-03-15T00:00:00.000Z,11.6000,8,40.0
287,2010-03-15T00:00:00.000Z,11.0000,9,40.0
288,2010-03-15T00:00:00.000Z,11.9500,10,40.0
289,2010-03-15T00:00:00.000Z,10.8000,11,19.0
290,2010-03-15T00:00:00.000Z,10.2500,12,40.0
291,2010-03-15T00:00:00.000Z,14.7500,14,40.0
292,2010-03-15T00:00:00.000Z,10.5500,15,19.0
293,2010-03-15T00:00:00.000Z,12.6500,16,40.0
294,2010-03-15T00:00:00.000Z,9.2500,17,19.0
295,2010-03-15T00:00:00.000Z,8.9000,18,19.0
296,2010-03-15T00:00:00.000Z,9.4500,19,40.0
297,2010-03-15T00:00:00.000Z,19.5500,20,40.0
298,2010-03-15T00:00:00.000Z,13.3500,21,40.0
299,2010-03-15T00:00:00.000Z,11.0000,22,19.0
300,2010-03-15T00:00:00.000Z,17.5000,24,40.0
301,2010-03-15T00:00:00.000Z,10.9000,25,40.0
302,2010-03-15T00:00:00.000Z,10.0000,26,19.0
303,2010-03-15T00:00:00.000Z,19.2000,27,40.0
304,2010-03-15T00:00:00.000Z,13.5000,29,40.0
305,2010-03-15T00:00:00.000Z,12.9500,30,40.0
306,2010-03-15T00:00:00.000Z,21.5000,31,40.0
307,2010-03-15T00:00:00.000Z,28.5000,32,40.0
308,2010-03-15T00:00:00.000Z,68.8500,33,40.0
309,2010-03-22T00:00:00.000Z,14.1500,2,40.0
310,2010-03-22T00:00:00.000Z,12.4500,3,19.0
311,2010-03-22T00:00:00.000Z,18.9000,5,40.0
312,2010-03-22T00:00:00.000Z,17.4500,6,40.0
313,2010-03-22T00:00:00.000Z,11.3500,7,40.0
314,2010-03-22T00:00:00.000Z,11.6000,8,40.0
315,2010-03-22T00:00:00.000Z,11.0000,9,40.0
316,2010-03-22T00:00:00.000Z,11.9500,10,40.0
317,2010-03-22T00:00:00.000Z,10.8000,11,19.0
318,2010-03-22T00:00:00.000Z,10.2500,12,40.0
319,2010-03-22T00:00:00.000Z,14.7500,14,40.0
320,2010-03-22T00:00:00.000Z,10.5500,15,19.0
321,2010-03-22T00:00:00.000Z,12.6500,16,40.0
322,2010-03-22T00:00:00.000Z,9.2500,17,19.0
323,2010-03-22T00:00:00.000Z,8.9000,18,19.0
324,2010-03-22T00:00:00.000Z,9.4500,19,40.0
325,2010-03-22T00:00:00.000Z,19.5500,20,40.0
326,2010-03-22T00:00:00.000Z,13.3500,21,40.0
327,2010-03-22T00:00:00.000Z,11.0000,22,19.0
328,2010-03-22T00:00:00.000Z,17.5000,24,40.0
329,2010-03-22T00:00:00.000Z,10.9000,25,40.0
330,2010-03-22T00:00:00.000Z,10.0000,26,19.0
331,2010-03-22T00:00:00.000Z,19.2000,27,40.0
332,2010-03-22T00:00:00.000Z,13.5000,29,40.0
333,2010-03-22T00:00:00.000Z,12.9500,30,40.0
334,2010-03-22T00:00:00.000Z,21.5000,31,40.0
335,2010-03-22T00:00:00.000Z,28.5000,32,40.0
336,2010-03-22T00:00:00.000Z,68.8500,33,40.0
337,2010-03-29T00:00:00.000Z,14.1500,2,40.0
338,2010-03-29T00:00:00.000Z,12.4500,3,10.0
339,2010-03-29T00:00:00.000Z,18.9000,5,40.0
340,2010-03-29T00:00:00.000Z,17.4500,6,40.0
341,2010-03-29T00:00:00.000Z,11.3500,7,40.0
342,2010-03-29T00:00:00.000Z,11.6000,8,40.0
343,2010-03-29T00:00:00.000Z,11.0000,9,40.0
344,2010-03-29T00:00:00.000Z,11.9500,10,40.0
345,2010-03-29T00:00:00.000Z,10.8000,11,10.0
346,2010-03-29T00:00:00.000Z,10.2500,12,40.0
347,2010-03-29T00:00:00.000Z,14.7500,14,40.0
348,2010-03-29T00:00:00.000Z,10.5500,15,10.0
349,2010-03-29T00:00:00.000Z,12.6500,16,40.0
350,2010-03-29T00:00:00.000Z,9.2500,17,10.0
351,2010-03-29T00:00:00.000Z,8.9000,18,10.0
352,2010-03-29T00:00:00.000Z,9.4500,19,40.0
353,2010-03-29T00:00:00.000Z,19.5500,20,40.0
354,2010-03-29T00:00:00.000Z,13.3500,21,40.0
355,2010-03-29T00:00:00.000Z,11.0000,22,10.0
356,2010-03-29T00:00:00.000Z,17.5000,24,40.0
357,2010-03-29T00:00:00.000Z,10.9000,25,40.0
358,2010-03-29T00:00:00.000Z,10.0000,26,10.0
359,2010-03-29T00:00:00.000Z,19.2000,27,40.0
360,2010-03-29T00:00:00.000Z,13.5000,29,40.0
361,2010-03-29T00:00:00.000Z,12.9500,30,40.0
362,2010-03-29T00:00:00.000Z,21.5000,31,40.0
363,2010-03-29T00:00:00.000Z,28.5000,32,40.0
364,2010-03-29T00:00:00.000Z,68.8500,33,40.0
365,2010-04-05T00:00:00.000Z,14.1500,2,40.0
366,2010-04-05T00:00:00.000Z,12.4500,3,14.0
367,2010-04-05T00:00:00.000Z,18.9000,5,40.0
368,2010-04-05T00:00:00.000Z,17.4500,6,40.0
369,2010-04-05T00:00:00.000Z,11.3500,7,40.0
370,2010-04-05T00:00:00.000Z,11.6000,8,40.0
371,2010-04-05T00:00:00.000Z,11.0000,9,40.0
372,2010-04-05T00:00:00.000Z,11.9500,10,40.0
373,2010-04-05T00:00:00.000Z,10.8000,11,14.0
374,2010-04-05T00:00:00.000Z,10.2500,12,40.0
375,2010-04-05T00:00:00.000Z,14.7500,14,40.0
376,2010-04-05T00:00:00.000Z,10.5500,15,14.0
377,2010-04-05T00:00:00.000Z,12.6500,16,40.0
378,2010-04-05T00:00:00.000Z,9.2500,17,14.0
379,2010-04-05T00:00:00.000Z,8.9000,18,14.0
380,2010-04-05T00:00:00.000Z,9.4500,19,40.0
381,2010-04-05T00:00:00.000Z,19.5500,20,40.0
382,2010-04-05T00:00:00.000Z,13.3500,21,40.0
383,2010-04-05T00:00:00.000Z,11.0000,22,14.0
384,2010-04-05T00:00:00.000Z,17.5000,24,40.0
385,2010-04-05T00:00:00.000Z,10.9000,25,40.0
386,2010-04-05T00:00:00.000Z,10.0000,26,14.0
387,2010-04-05T00:00:00.000Z,19.2000,27,40.0
388,2010-04-05T00:00:00.000Z,13.5000,29,40.0
389,2010-04-05T00:00:00.000Z,12.9500,30,40.0
390,2010-04-05T00:00:00.000Z,21.5000,31,40.0
391,2010-04-05T00:00:00.000Z,28.5000,32,40.0
392,2010-04-05T00:00:00.000Z,68.8500,33,40.0
393,2010-04-12T00:00:00.000Z,14.1500,2,40.0
394,2010-04-12T00:00:00.000Z,12.4500,3,11.0
395,2010-04-12T00:00:00.000Z,18.9000,5,40.0
396,2010-04-12T00:00:00.000Z,17.4500,6,40.0
397,2010-04-12T00:00:00.000Z,11.3500,7,40.0
398,2010-04-12T00:00:00.000Z,11.6000,8,40.0
399,2010-04-12T00:00:00.000Z,11.0000,9,40.0
400,2010-04-12T00:00:00.000Z,11.9500,10,40.0
401,2010-04-12T00:00:00.000Z,10.8000,11,11.0
402,2010-04-12T00:00:00.000Z,10.2500,12,40.0
403,2010-04-12T00:00:00.000Z,14.7500,14,40.0
404,2010-04-12T00:00:00.000Z,10.5500,15,11.0
405,2010-04-12T00:00:00.000Z,12.6500,16,40.0
406,2010-04-12T00:00:00.000Z,9.2500,17,11.0
407,2010-04-12T00:00:00.000Z,8.9000,18,11.0
408,2010-04-12T00:00:00.000Z,9.4500,19,40.0
409,2010-04-12T00:00:00.000Z,19.5500,20,40.0
410,2010-04-12T00:00:00.000Z,13.3500,21,40.0
411,2010-04-12T00:00:00.000Z,11.0000,22,11.0
412,2010-04-12T00:00:00.000Z,17.5000,24,40.0
413,2010-04-12T00:00:00.000Z,10.9000,25,40.0
414,2010-04-12T00:00:00.000Z,10.0000,26,11.0
415,2010-04-12T00:00:00.000Z,19.2000,27,40.0
416,2010-04-12T00:00:00.000Z,13.5000,29,40.0
417,2010-04-12T00:00:00.000Z,12.9500,30,40.0
418,2010-04-12T00:00:00.000Z,21.5000,31,40.0
419,2010-04-12T00:00:00.000Z,28.5000,32,40.0
420,2010-04-12T00:00:00.000Z,68.8500,33,40.0
421,2010-04-19T00:00:00.000Z,14.1500,2,40.0
422,2010-04-19T00:00:00.000Z,12.4500,3,18.0
423,2010-04-19T00:00:00.000Z,18.9000,5,40.0
424,2010-04-19T00:00:00.000Z,17.4500,6,40.0
425,2010-04-19T00:00:00.000Z,11.3500,7,40.0
426,2010-04-19T00:00:00.000Z,11.6000,8,40.0
427,2010-04-19T00:00:00.000Z,11.0000,9,40.0
428,2010-04-19T00:00:00.000Z,11.9500,10,40.0
429,2010-04-19T00:00:00.000Z,10.8000,11,18.0
430,2010-04-19T00:00:00.000Z,10.2500,12,40.0
431,2010-04-19T00:00:00.000Z,14.7500,14,40.0
432,2010-04-19T00:00:00.000Z,10.5500,15,18.0
433,2010-04-19T00:00:00.000Z,12.6500,16,40.0
434,2010-04-19T00:00:00.000Z,9.2500,17,18.0
435,2010-04-19T00:00:00.000Z,8.9000,18,18.0
436,2010-04-19T00:00:00.000Z,9.4500,19,40.0
437,2010-04-19T00:00:00.000Z,19.5500,20,40.0
438,2010-04-19T00:00:00.000Z,13.3500,21,40.0
439,2010-04-19T00:00:00.000Z,11.0000,22,18.0
440,2010-04-19T00:00:00.000Z,17.5000,24,40.0
441,2010-04-19T00:00:00.000Z,10.9000,25,40.0
442,2010-04-19T00:00:00.000Z,10.0000,26,18.0
443,2010-04-19T00:00:00.000Z,19.2000,27,40.0
444,2010-04-19T00:00:00.000Z,13.5000,29,40.0
445,2010-04-19T00:00:00.000Z,12.9500,30,40.0
446,2010-04-19T00:00:00.000Z,21.5000,31,40.0
447,2010-04-19T00:00:00.000Z,28.5000,32,40.0
448,2010-04-19T00:00:00.000Z,68.8500,33,40.0
449,2010-04-26T00:00:00.000Z,14.1500,2,40.0
450,2010-04-26T00:00:00.000Z,12.4500,3,15.0
451,2010-04-26T00:00:00.000Z,18.9000,5,40.0
452,2010-04-26T00:00:00.000Z,17.4500,6,40.0
453,2010-04-26T00:00:00.000Z,11.3500,7,40.0
454,2010-04-26T00:00:00.000Z,11.6000,8,40.0
455,2010-04-26T00:00:00.000Z,11.0000,9,40.0
456,2010-04-26T00:00:00.000Z,11.9500,10,40.0
457,2010-04-26T00:00:00.000Z,10.8000,11,15.0
458,2010-04-26T00:00:00.000Z,10.2500,12,40.0
459,2010-04-26T00:00:00.000Z,14.7500,14,40.0
460,2010-04-26T00:00:00.000Z,10.5500,15,15.0
461,2010-04-26T00:00:00.000Z,12.6500,16,40.0
462,2010-04-26T00:00:00.000Z,9.2500,17,15.0
463,2010-04-26T00:00:00.000Z,8.9000,18,15.0
464,2010-04-26T00:00:00.000Z,9.4500,19,40.0
465,2010-04-26T00:00:00.000Z,19.5500,20,40.0
466,2010-04-26T00:00:00.000Z,13.3500,21,40.0
467,2010-04-26T00:00:00.000Z,11.0000,22,15.0
468,2010-04-26T00:00:00.000Z,17.5000,24,40.0
469,2010-04-26T00:00:00.000Z,10.9000,25,40.0
470,2010-04-26T00:00:00.000Z,10.0000,26,15.0
471,2010-04-26T00:00:00.000Z,19.2000,27,40.0
472,2010-04-26T00:00:00.000Z,9.0000,28,40.0
473,2010-04-26T00:00:00.000Z,13.5000,29,40.0
474,2010-04-26T00:00:00.000Z,12.9500,30,40.0
475,2010-04-26T00:00:00.000Z,21.5000,31,40.0
476,2010-04-26T00:00:00.000Z,28.5000,32,40.0
477,2010-04-26T00:00:00.000Z,68.8500,33,40.0
478,2010-05-03T00:00:00.000Z,14.1500,2,40.0
479,2010-05-03T00:00:00.000Z,12.4500,3,11.0
480,2010-05-03T00:00:00.000Z,18.9000,5,40.0
481,2010-05-03T00:00:00.000Z,17.4500,6,40.0
482,2010-05-03T00:00:00.000Z,11.3500,7,40.0
483,2010-05-03T00:00:00.000Z,11.6000,8,40.0
484,2010-05-03T00:00:00.000Z,11.0000,9,40.0
485,2010-05-03T00:00:00.000Z,11.9500,10,40.0
486,2010-05-03T00:00:00.000Z,10.8000,11,11.0
487,2010-05-03T00:00:00.000Z,10.2500,12,40.0
488,2010-05-03T00:00:00.000Z,14.7500,14,40.0
489,2010-05-03T00:00:00.000Z,10.5500,15,11.0
490,2010-05-03T00:00:00.000Z,12.6500,16,40.0
491,2010-05-03T00:00:00.000Z,9.2500,17,11.0
492,2010-05-03T00:00:00.000Z,8.9000,18,11.0
493,2010-05-03T00:00:00.000Z,9.4500,19,40.0
494,2010-05-03T00:00:00.000Z,19.5500,20,40.0
495,2010-05-03T00:00:00.000Z,13.3500,21,40.0
496,2010-05-03T00:00:00.000Z,11.0000,22,11.0
497,2010-05-03T00:00:00.000Z,17.5000,24,40.0
498,2010-05-03T00:00:00.000Z,10.9000,25,40.0
499,2010-05-03T00:00:00.000Z,10.0000,26,11.0
500,2010-05-03T00:00:00.000Z,19.2000,27,40.0
501,2010-05-03T00:00:00.000Z,9.0000,28,40.0
502,2010-05-03T00:00:00.000Z,13.5000,29,40.0
503,2010-05-03T00:00:00.000Z,12.9500,30,40.0
504,2010-05-03T00:00:00.000Z,21.5000,31,40.0
505,2010-05-03T00:00:00.000Z,28.5000,32,40.0
506,2010-05-03T00:00:00.000Z,68.8500,33,40.0
507,2010-05-10T00:00:00.000Z,14.1500,2,40.0
508,2010-05-10T00:00:00.000Z,12.4500,3,16.0
509,2010-05-10T00:00:00.000Z,18.9000,5,40.0
510,2010-05-10T00:00:00.000Z,17.4500,6,40.0
511,2010-05-10T00:00:00.000Z,11.3500,7,40.0
512,2010-05-10T00:00:00.000Z,11.6000,8,40.0
513,2010-05-10T00:00:00.000Z,11.0000,9,40.0
514,2010-05-10T00:00:00.000Z,11.9500,10,40.0
515,2010-05-10T00:00:00.000Z,10.8000,11,16.0
516,2010-05-10T00:00:00.000Z,10.2500,12,40.0
517,2010-05-10T00:00:00.000Z,14.7500,14,40.0
518,2010-05-10T00:00:00.000Z,10.5500,15,16.0
519,2010-05-10T00:00:00.000Z,12.6500,16,40.0
520,2010-05-10T00:00:00.000Z,9.2500,17,16.0
521,2010-05-10T00:00:00.000Z,8.9000,18,16.0
522,2010-05-10T00:00:00.000Z,9.4500,19,40.0
523,2010-05-10T00:00:00.000Z,19.5500,20,40.0
524,2010-05-10T00:00:00.000Z,13.3500,21,40.0
525,2010-05-10T00:00:00.000Z,11.0000,22,16.0
526,2010-05-10T00:00:00.000Z,17.5000,24,40.0
527,2010-05-10T00:00:00.000Z,10.9000,25,40.0
528,2010-05-10T00:00:00.000Z,10.0000,26,16.0
529,2010-05-10T00:00:00.000Z,19.2000,27,40.0
530,2010-05-10T00:00:00.000Z,9.0000,28,40.0
531,2010-05-10T00:00:00.000Z,13.5000,29,40.0
532,2010-05-10T00:00:00.000Z,12.9500,30,40.0
533,2010-05-10T00:00:00.000Z,21.5000,31,40.0
534,2010-05-10T00:00:00.000Z,28.5000,32,40.0
535,2010-05-10T00:00:00.000Z,68.8500,33,40.0
536,2010-05-17T00:00:00.000Z,14.1500,2,40.0
537,2010-05-17T00:00:00.000Z,12.4500,3,17.0
538,2010-05-17T00:00:00.000Z,18.9000,5,40.0
539,2010-05-17T00:00:00.000Z,17.4500,6,40.0
540,2010-05-17T00:00:00.000Z,11.3500,7,40.0
541,2010-05-17T00:00:00.000Z,11.6000,8,40.0
542,2010-05-17T00:00:00.000Z,11.0000,9,40.0
543,2010-05-17T00:00:00.000Z,11.9500,10,40.0
544,2010-05-17T00:00:00.000Z,10.8000,11,17.0
545,2010-05-17T00:00:00.000Z,10.2500,12,40.0
546,2010-05-17T00:00:00.000Z,14.7500,14,40.0
547,2010-05-17T00:00:00.000Z,10.5500,15,17.0
548,2010-05-17T00:00:00.000Z,12.6500,16,40.0
549,2010-05-17T00:00:00.000Z,9.2500,17,17.0
550,2010-05-17T00:00:00.000Z,8.9000,18,17.0
551,2010-05-17T00:00:00.000Z,9.4500,19,40.0
552,2010-05-17T00:00:00.000Z,19.5500,20,40.0
553,2010-05-17T00:00:00.000Z,13.3500,21,40.0
554,2010-05-17T00:00:00.000Z,11.0000,22,17.0
555,2010-05-17T00:00:00.000Z,17.5000,24,40.0
556,2010-05-17T00:00:00.000Z,10.9000,25,40.0
557,2010-05-17T00:00:00.000Z,10.0000,26,17.0
558,2010-05-17T00:00:00.000Z,19.2000,27,40.0
559,2010-05-17T00:00:00.000Z,9.0000,28,40.0
560,2010-05-17T00:00:00.000Z,13.5000,29,40.0
561,2010-05-17T00:00:00.000Z,12.9500,30,40.0
562,2010-05-17T00:00:00.000Z,21.5000,31,40.0
563,2010-05-17T00:00:00.000Z,28.5000,32,40.0
564,2010-05-17T00:00:00.000Z,68.8500,33,40.0
565,2010-05-24T00:00:00.000Z,14.1500,2,40.0
566,2010-05-24T00:00:00.000Z,12.4500,3,19.0
567,2010-05-24T00:00:00.000Z,18.9000,5,40.0
568,2010-05-24T00:00:00.000Z,17.4500,6,40.0
569,2010-05-24T00:00:00.000Z,11.3500,7,40.0
570,2010-05-24T00:00:00.000Z,11.6000,8,40.0
571,2010-05-24T00:00:00.000Z,11.0000,9,40.0
572,2010-05-24T00:00:00.000Z,11.9500,10,40.0
573,2010-05-24T00:00:00.000Z,10.8000,11,19.0
574,2010-05-24T00:00:00.000Z,10.2500,12,40.0
575,2010-05-24T00:00:00.000Z,14.7500,14,40.0
576,2010-05-24T00:00:00.000Z,10.5500,15,19.0
577,2010-05-24T00:00:00.000Z,12.6500,16,40.0
578,2010-05-24T00:00:00.000Z,9.2500,17,19.0
579,2010-05-24T00:00:00.000Z,8.9000,18,19.0
580,2010-05-24T00:00:00.000Z,9.4500,19,40.0
581,2010-05-24T00:00:00.000Z,19.5500,20,40.0
582,2010-05-24T00:00:00.000Z,13.3500,21,40.0
583,2010-05-24T00:00:00.000Z,11.0000,22,19.0
584,2010-05-24T00:00:00.000Z,17.5000,24,40.0
585,2010-05-24T00:00:00.000Z,10.9000,25,40.0
586,2010-05-24T00:00:00.000Z,10.0000,26,19.0
587,2010-05-24T00:00:00.000Z,19.2000,27,40.0
588,2010-05-24T00:00:00.000Z,9.0000,28,40.0
589,2010-05-24T00:00:00.000Z,13.5000,29,40.0
590,2010-05-24T00:00:00.000Z,12.9500,30,40.0
591,2010-05-24T00:00:00.000Z,21.5000,31,40.0
592,2010-05-24T00:00:00.000Z,28.5000,32,40.0
593,2010-05-24T00:00:00.000Z,68.8500,33,40.0
594,2010-05-31T00:00:00.000Z,14.1500,2,40.0
595,2010-05-31T00:00:00.000Z,12.4500,3,17.0
596,2010-05-31T00:00:00.000Z,18.9000,5,40.0
597,2010-05-31T00:00:00.000Z,17.4500,6,40.0
598,2010-05-31T00:00:00.000Z,11.3500,7,40.0
599,2010-05-31T00:00:00.000Z,11.6000,8,40.0
600,2010-05-31T00:00:00.000Z,11.0000,9,40.0
601,2010-05-31T00:00:00.000Z,11.9500,10,40.0
602,2010-05-31T00:00:00.000Z,10.8000,11,17.0
603,2010-05-31T00:00:00.000Z,10.2500,12,40.0
604,2010-05-31T00:00:00.000Z,14.7500,14,40.0
605,2010-05-31T00:00:00.000Z,10.5500,15,17.0
606,2010-05-31T00:00:00.000Z,12.6500,16,40.0
607,2010-05-31T00:00:00.000Z,9.2500,17,17.0
608,2010-05-31T00:00:00.000Z,8.9000,18,17.0
609,2010-05-31T00:00:00.000Z,9.4500,19,40.0
610,2010-05-31T00:00:00.000Z,19.5500,20,40.0
611,2010-05-31T00:00:00.000Z,13.3500,21,40.0
612,2010-05-31T00:00:00.000Z,11.0000,22,17.0
613,2010-05-31T00:00:00.000Z,17.5000,24,40.0
614,2010-05-31T00:00:00.000Z,10.9000,25,40.0
615,2010-05-31T00:00:00.000Z,10.0000,26,17.0
616,2010-05-31T00:00:00.000Z,19.2000,27,40.0
617,2010-05-31T00:00:00.000Z,9.0000,28,40.0
618,2010-05-31T00:00:00.000Z,13.5000,29,40.0
619,2010-05-31T00:00:00.000Z,12.9500,30,40.0
620,2010-05-31T00:00:00.000Z,21.5000,31,40.0
621,2010-05-31T00:00:00.000Z,28.5000,32,40.0
622,2010-05-31T00:00:00.000Z,68.8500,33,40.0
623,2010-06-07T00:00:00.000Z,14.1500,2,40.0
624,2010-06-07T00:00:00.000Z,12.4500,3,12.0
625,2010-06-07T00:00:00.000Z,18.9000,5,40.0
626,2010-06-07T00:00:00.000Z,17.4500,6,40.0
627,2010-06-07T00:00:00.000Z,11.3500,7,40.0
628,2010-06-07T00:00:00.000Z,11.6000,8,40.0
629,2010-06-07T00:00:00.000Z,11.0000,9,40.0
630,2010-06-07T00:00:00.000Z,11.9500,10,40.0
631,2010-06-07T00:00:00.000Z,10.8000,11,12.0
632,2010-06-07T00:00:00.000Z,10.2500,12,40.0
633,2010-06-07T00:00:00.000Z,14.7500,14,40.0
634,2010-06-07T00:00:00.000Z,10.5500,15,12.0
635,2010-06-07T00:00:00.000Z,12.6500,16,40.0
636,2010-06-07T00:00:00.000Z,9.2500,17,12.0
637,2010-06-07T00:00:00.000Z,8.9000,18,12.0
638,2010-06-07T00:00:00.000Z,9.4500,19,40.0
639,2010-06-07T00:00:00.000Z,19.5500,20,40.0
640,2010-06-07T00:00:00.000Z,13.3500,21,40.0
641,2010-06-07T00:00:00.000Z,11.0000,22,12.0
642,2010-06-07T00:00:00.000Z,17.5000,24,40.0
643,2010-06-07T00:00:00.000Z,10.9000,25,40.0
644,2010-06-07T00:00:00.000Z,10.0000,26,12.0
645,2010-06-07T00:00:00.000Z,19.2000,27,40.0
646,2010-06-07T00:00:00.000Z,9.0000,28,40.0
647,2010-06-07T00:00:00.000Z,13.5000,29,40.0
648,2010-06-07T00:00:00.000Z,12.9500,30,40.0
649,2010-06-07T00:00:00.000Z,21.5000,31,40.0
650,2010-06-07T00:00:00.000Z,28.5000,32,40.0
651,2010-06-07T00:00:00.000Z,68.8500,33,40.0
652,2010-06-14T00:00:00.000Z,14.1500,2,40.0
653,2010-06-14T00:00:00.000Z,12.4500,3,13.0
654,2010-06-14T00:00:00.000Z,18.9000,5,40.0
655,2010-06-14T00:00:00.000Z,17.4500,6,40.0
656,2010-06-14T00:00:00.000Z,11.3500,7,40.0
657,2010-06-14T00:00:00.000Z,11.6000,8,40.0
658,2010-06-14T00:00:00.000Z,11.0000,9,40.0
659,2010-06-14T00:00:00.000Z,11.9500,10,40.0
660,2010-06-14T00:00:00.000Z,10.8000,11,13.0
661,2010-06-14T00:00:00.000Z,10.2500,12,40.0
662,2010-06-14T00:00:00.000Z,14.7500,14,40.0
663,2010-06-14T00:00:00.000Z,10.5500,15,13.0
664,2010-06-14T00:00:00.000Z,12.6500,16,40.0
665,2010-06-14T00:00:00.000Z,9.2500,17,13.0
666,2010-06-14T00:00:00.000Z,8.9000,18,13.0
667,2010-06-14T00:00:00.000Z,9.4500,19,40.0
668,2010-06-14T00:00:00.000Z,19.5500,20,40.0
669,2010-06-14T00:00:00.000Z,13.3500,21,40.0
670,2010-06-14T00:00:00.000Z,11.0000,22,13.0
671,2010-06-14T00:00:00.000Z,17.5000,24,40.0
672,2010-06-14T00:00:00.000Z,10.9000,25,40.0
673,2010-06-14T00:00:00.000Z,10.0000,26,13.0
674,2010-06-14T00:00:00.000Z,19.2000,27,40.0
675,2010-06-14T00:00:00.000Z,9.0000,28,40.0
676,2010-06-14T00:00:00.000Z,13.5000,29,40.0
677,2010-06-14T00:00:00.000Z,12.9500,30,40.0
678,2010-06-14T00:00:00.000Z,21.5000,31,40.0
679,2010-06-14T00:00:00.000Z,28.5000,32,40.0
680,2010-06-14T00:00:00.000Z,68.8500,33,40.0
681,2010-06-21T00:00:00.000Z,14.1500,2,40.0
682,2010-06-21T00:00:00.000Z,12.4500,3,11.0
683,2010-06-21T00:00:00.000Z,18.9000,5,40.0
684,2010-06-21T00:00:00.000Z,17.4500,6,40.0
685,2010-06-21T00:00:00.000Z,11.3500,7,40.0
686,2010-06-21T00:00:00.000Z,11.6000,8,40.0
687,2010-06-21T00:00:00.000Z,11.0000,9,40.0
688,2010-06-21T00:00:00.000Z,11.9500,10,40.0
689,2010-06-21T00:00:00.000Z,10.8000,11,11.0
690,2010-06-21T00:00:00.000Z,10.2500,12,40.0
691,2010-06-21T00:00:00.000Z,14.7500,14,40.0
692,2010-06-21T00:00:00.000Z,10.5500,15,11.0
693,2010-06-21T00:00:00.000Z,12.6500,16,40.0
694,2010-06-21T00:00:00.000Z,9.2500,17,11.0
695,2010-06-21T00:00:00.000Z,8.9000,18,11.0
696,2010-06-21T00:00:00.000Z,9.4500,19,40.0
697,2010-06-21T00:00:00.000Z,19.5500,20,40.0
698,2010-06-21T00:00:00.000Z,13.3500,21,40.0
699,2010-06-21T00:00:00.000Z,11.0000,22,11.0
700,2010-06-21T00:00:00.000Z,17.5000,24,40.0
701,2010-06-21T00:00:00.000Z,10.9000,25,40.0
702,2010-06-21T00:00:00.000Z,10.0000,26,11.0
703,2010-06-21T00:00:00.000Z,19.2000,27,40.0
704,2010-06-21T00:00:00.000Z,9.0000,28,40.0
705,2010-06-21T00:00:00.000Z,13.5000,29,40.0
706,2010-06-21T00:00:00.000Z,12.9500,30,40.0
707,2010-06-21T00:00:00.000Z,21.5000,31,40.0
708,2010-06-21T00:00:00.000Z,28.5000,32,40.0
709,2010-06-21T00:00:00.000Z,68.8500,33,40.0
710,2010-06-28T00:00:00.000Z,14.1500,2,40.0
711,2010-06-28T00:00:00.000Z,12.4500,3,16.0
712,2010-06-28T00:00:00.000Z,18.9000,5,40.0
713,2010-06-28T00:00:00.000Z,17.4500,6,40.0
714,2010-06-28T00:00:00.000Z,11.3500,7,40.0
715,2010-06-28T00:00:00.000Z,11.6000,8,40.0
716,2010-06-28T00:00:00.000Z,11.0000,9,40.0
717,2010-06-28T00:00:00.000Z,11.9500,10,40.0
718,2010-06-28T00:00:00.000Z,10.8000,11,16.0
719,2010-06-28T00:00:00.000Z,10.2500,12,40.0
720,2010-06-28T00:00:00.000Z,14.7500,14,40.0
721,2010-06-28T00:00:00.000Z,10.5500,15,16.0
722,2010-06-28T00:00:00.000Z,12.6500,16,40.0
723,2010-06-28T00:00:00.000Z,9.2500,17,16.0
724,2010-06-28T00:00:00.000Z,8.9000,18,16.0
725,2010-06-28T00:00:00.000Z,9.4500,19,40.0
726,2010-06-28T00:00:00.000Z,19.5500,20,40.0
727,2010-06-28T00:00:00.000Z,13.3500,21,40.0
728,2010-06-28T00:00:00.000Z,11.0000,22,16.0
729,2010-06-28T00:00:00.000Z,17.5000,24,40.0
730,2010-06-28T00:00:00.000Z,10.9000,25,40.0
731,2010-06-28T00:00:00.000Z,10.0000,26,16.0
732,2010-06-28T00:00:00.000Z,19.2000,27,40.0
733,2010-06-28T00:00:00.000Z,9.0000,28,40.0
734,2010-06-28T00:00:00.000Z,13.5000,29,40.0
735,2010-06-28T00:00:00.000Z,12.9500,30,40.0
736,2010-06-28T00:00:00.000Z,21.5000,31,40.0
737,2010-06-28T00:00:00.000Z,28.5000,32,40.0
738,2010-06-28T00:00:00.000Z,68.8500,33,40.0
739,2010-07-05T00:00:00.000Z,14.1500,2,40.0
740,2010-07-05T00:00:00.000Z,12.4500,3,16.0
741,2010-07-05T00:00:00.000Z,18.9000,5,40.0
742,2010-07-05T00:00:00.000Z,17.4500,6,40.0
743,2010-07-05T00:00:00.000Z,11.3500,7,40.0
744,2010-07-05T00:00:00.000Z,11.6000,8,40.0
745,2010-07-05T00:00:00.000Z,11.0000,9,40.0
746,2010-07-05T00:00:00.000Z,11.9500,10,40.0
747,2010-07-05T00:00:00.000Z,10.8000,11,16.0
748,2010-07-05T00:00:00.000Z,10.2500,12,40.0
749,2010-07-05T00:00:00.000Z,14.7500,14,40.0
750,2010-07-05T00:00:00.000Z,10.5500,15,16.0
751,2010-07-05T00:00:00.000Z,12.6500,16,40.0
752,2010-07-05T00:00:00.000Z,9.2500,17,16.0
753,2010-07-05T00:00:00.000Z,8.9000,18,16.0
754,2010-07-05T00:00:00.000Z,9.4500,19,40.0
755,2010-07-05T00:00:00.000Z,19.5500,20,40.0
756,2010-07-05T00:00:00.000Z,13.3500,21,40.0
757,2010-07-05T00:00:00.000Z,11.0000,22,16.0
758,2010-07-05T00:00:00.000Z,17.5000,24,40.0
759,2010-07-05T00:00:00.000Z,10.9000,25,40.0
760,2010-07-05T00:00:00.000Z,10.0000,26,16.0
761,2010-07-05T00:00:00.000Z,19.2000,27,40.0
762,2010-07-05T00:00:00.000Z,9.0000,28,40.0
763,2010-07-05T00:00:00.000Z,13.5000,29,40.0
764,2010-07-05T00:00:00.000Z,12.9500,30,40.0
765,2010-07-05T00:00:00.000Z,21.5000,31,40.0
766,2010-07-05T00:00:00.000Z,28.5000,32,40.0
767,2010-07-05T00:00:00.000Z,68.8500,33,40.0
768,2010-07-12T00:00:00.000Z,14.1500,2,40.0
769,2010-07-12T00:00:00.000Z,12.4500,3,13.0
770,2010-07-12T00:00:00.000Z,18.9000,5,40.0
771,2010-07-12T00:00:00.000Z,17.4500,6,40.0
772,2010-07-12T00:00:00.000Z,11.3500,7,40.0
773,2010-07-12T00:00:00.000Z,11.6000,8,40.0
774,2010-07-12T00:00:00.000Z,11.0000,9,40.0
775,2010-07-12T00:00:00.000Z,11.9500,10,40.0
776,2010-07-12T00:00:00.000Z,10.8000,11,13.0
777,2010-07-12T00:00:00.000Z,10.2500,12,40.0
778,2010-07-12T00:00:00.000Z,14.7500,14,40.0
779,2010-07-12T00:00:00.000Z,10.5500,15,13.0
780,2010-07-12T00:00:00.000Z,12.6500,16,40.0
781,2010-07-12T00:00:00.000Z,9.2500,17,13.0
782,2010-07-12T00:00:00.000Z,8.9000,18,13.0
783,2010-07-12T00:00:00.000Z,9.4500,19,40.0
784,2010-07-12T00:00:00.000Z,19.5500,20,40.0
785,2010-07-12T00:00:00.000Z,13.3500,21,40.0
786,2010-07-12T00:00:00.000Z,11.0000,22,13.0
787,2010-07-12T00:00:00.000Z,17.5000,24,40.0
788,2010-07-12T00:00:00.000Z,10.9000,25,40.0
789,2010-07-12T00:00:00.000Z,10.0000,26,13.0
790,2010-07-12T00:00:00.000Z,19.2000,27,40.0
791,2010-07-12T00:00:00.000Z,9.0000,28,40.0
792,2010-07-12T00:00:00.000Z,13.5000,29,40.0
793,2010-07-12T00:00:00.000Z,12.9500,30,40.0
794,2010-07-12T00:00:00.000Z,21.5000,31,40.0
795,2010-07-12T00:00:00.000Z,28.5000,32,40.0
796,2010-07-12T00:00:00.000Z,68.8500,33,40.0
797,2010-07-19T00:00:00.000Z,14.1500,2,40.0
798,2010-07-19T00:00:00.000Z,12.4500,3,10.0
799,2010-07-19T00:00:00.000Z,18.9000,5,40.0
800,2010-07-19T00:00:00.000Z,17.4500,6,40.0
801,2010-07-19T00:00:00.000Z,11.3500,7,40.0
802,2010-07-19T00:00:00.000Z,11.6000,8,40.0
803,2010-07-19T00:00:00.000Z,11.0000,9,40.0
804,2010-07-19T00:00:00.000Z,11.9500,10,40.0
805,2010-07-19T00:00:00.000Z,10.8000,11,10.0
806,2010-07-19T00:00:00.000Z,10.2500,12,40.0
807,2010-07-19T00:00:00.000Z,14.7500,14,40.0
808,2010-07-19T00:00:00.000Z,10.5500,15,10.0
809,2010-07-19T00:00:00.000Z,12.6500,16,40.0
810,2010-07-19T00:00:00.000Z,9.2500,17,10.0
811,2010-07-19T00:00:00.000Z,8.9000,18,10.0
812,2010-07-19T00:00:00.000Z,9.4500,19,40.0
813,2010-07-19T00:00:00.000Z,19.5500,20,40.0
814,2010-07-19T00:00:00.000Z,13.3500,21,40.0
815,2010-07-19T00:00:00.000Z,11.0000,22,10.0
816,2010-07-19T00:00:00.000Z,17.5000,24,40.0
817,2010-07-19T00:00:00.000Z,10.9000,25,40.0
818,2010-07-19T00:00:00.000Z,10.0000,26,10.0
819,2010-07-19T00:00:00.000Z,19.2000,27,40.0
820,2010-07-19T00:00:00.000Z,9.0000,28,40.0
821,2010-07-19T00:00:00.000Z,13.5000,29,40.0
822,2010-07-19T00:00:00.000Z,12.9500,30,40.0
823,2010-07-19T00:00:00.000Z,21.5000,31,40.0
824,2010-07-19T00:00:00.000Z,28.5000,32,40.0
825,2010-07-19T00:00:00.000Z,68.8500,33,40.0
826,2010-07-26T00:00:00.000Z,14.1500,2,40.0
827,2010-07-26T00:00:00.000Z,12.4500,3,10.0
828,2010-07-26T00:00:00.000Z,18.9000,5,40.0
829,2010-07-26T00:00:00.000Z,17.4500,6,40.0
830,2010-07-26T00:00:00.000Z,11.3500,7,40.0
831,2010-07-26T00:00:00.000Z,11.6000,8,40.0
832,2010-07-26T00:00:00.000Z,11.0000,9,40.0
833,2010-07-26T00:00:00.000Z,11.9500,10,40.0
834,2010-07-26T00:00:00.000Z,10.8000,11,10.0
835,2010-07-26T00:00:00.000Z,10.2500,12,40.0
836,2010-07-26T00:00:00.000Z,14.7500,14,40.0
837,2010-07-26T00:00:00.000Z,10.5500,15,10.0
838,2010-07-26T00:00:00.000Z,12.6500,16,40.0
839,2010-07-26T00:00:00.000Z,9.2500,17,10.0
840,2010-07-26T00:00:00.000Z,8.9000,18,10.0
841,2010-07-26T00:00:00.000Z,9.4500,19,40.0
842,2010-07-26T00:00:00.000Z,19.5500,20,40.0
843,2010-07-26T00:00:00.000Z,13.3500,21,40.0
844,2010-07-26T00:00:00.000Z,11.0000,22,10.0
845,2010-07-26T00:00:00.000Z,17.5000,24,40.0
846,2010-07-26T00:00:00.000Z,10.9000,25,40.0
847,2010-07-26T00:00:00.000Z,10.0000,26,10.0
848,2010-07-26T00:00:00.000Z,19.2000,27,40.0
849,2010-07-26T00:00:00.000Z,9.0000,28,40.0
850,2010-07-26T00:00:00.000Z,13.5000,29,40.0
851,2010-07-26T00:00:00.000Z,12.9500,30,40.0
852,2010-07-26T00:00:00.000Z,21.5000,31,40.0
853,2010-07-26T00:00:00.000Z,28.5000,32,40.0
854,2010-07-26T00:00:00.000Z,68.8500,33,40.0
855,2010-08-02T00:00:00.000Z,14.1500,2,40.0
856,2010-08-02T00:00:00.000Z,12.4500,3,11.0
857,2010-08-02T00:00:00.000Z,18.9000,5,40.0
858,2010-08-02T00:00:00.000Z,17.4500,6,40.0
859,2010-08-02T00:00:00.000Z,11.3500,7,40.0
860,2010-08-02T00:00:00.000Z,11.6000,8,40.0
861,2010-08-02T00:00:00.000Z,11.0000,9,40.0
862,2010-08-02T00:00:00.000Z,11.9500,10,40.0
863,2010-08-02T00:00:00.000Z,10.8000,11,11.0
864,2010-08-02T00:00:00.000Z,10.2500,12,40.0
865,2010-08-02T00:00:00.000Z,14.7500,14,40.0
866,2010-08-02T00:00:00.000Z,10.5500,15,11.0
867,2010-08-02T00:00:00.000Z,12.6500,16,40.0
868,2010-08-02T00:00:00.000Z,9.2500,17,11.0
869,2010-08-02T00:00:00.000Z,8.9000,18,11.0
870,2010-08-02T00:00:00.000Z,9.4500,19,40.0
871,2010-08-02T00:00:00.000Z,19.5500,20,40.0
872,2010-08-02T00:00:00.000Z,13.3500,21,40.0
873,2010-08-02T00:00:00.000Z,11.0000,22,11.0
874,2010-08-02T00:00:00.000Z,17.5000,24,40.0
875,2010-08-02T00:00:00.000Z,10.9000,25,40.0
876,2010-08-02T00:00:00.000Z,10.0000,26,11.0
877,2010-08-02T00:00:00.000Z,19.2000,27,40.0
878,2010-08-02T00:00:00.000Z,9.0000,28,40.0
879,2010-08-02T00:00:00.000Z,13.5000,29,40.0
880,2010-08-02T00:00:00.000Z,12.9500,30,40.0
881,2010-08-02T00:00:00.000Z,21.5000,31,40.0
882,2010-08-02T00:00:00.000Z,28.5000,32,40.0
883,2010-08-02T00:00:00.000Z,68.8500,33,40.0
884,2010-08-09T00:00:00.000Z,14.1500,2,40.0
885,2010-08-09T00:00:00.000Z,12.4500,3,16.0
886,2010-08-09T00:00:00.000Z,18.9000,5,40.0
887,2010-08-09T00:00:00.000Z,17.4500,6,40.0
888,2010-08-09T00:00:00.000Z,11.3500,7,40.0
889,2010-08-09T00:00:00.000Z,11.6000,8,40.0
890,2010-08-09T00:00:00.000Z,11.0000,9,40.0
891,2010-08-09T00:00:00.000Z,11.9500,10,40.0
892,2010-08-09T00:00:00.000Z,10.8000,11,16.0
893,2010-08-09T00:00:00.000Z,10.2500,12,40.0
894,2010-08-09T00:00:00.000Z,14.7500,14,40.0
895,2010-08-09T00:00:00.000Z,10.5500,15,16.0
896,2010-08-09T00:00:00.000Z,12.6500,16,40.0
897,2010-08-09T00:00:00.000Z,9.2500,17,16.0
898,2010-08-09T00:00:00.000Z,8.9000,18,16.0
899,2010-08-09T00:00:00.000Z,9.4500,19,40.0
900,2010-08-09T00:00:00.000Z,19.5500,20,40.0
901,2010-08-09T00:00:00.000Z,13.3500,21,40.0
902,2010-08-09T00:00:00.000Z,11.0000,22,16.0
903,2010-08-09T00:00:00.000Z,17.5000,24,40.0
904,2010-08-09T00:00:00.000Z,10.9000,25,40.0
905,2010-08-09T00:00:00.000Z,10.0000,26,16.0
906,2010-08-09T00:00:00.000Z,19.2000,27,40.0
907,2010-08-09T00:00:00.000Z,9.0000,28,40.0
908,2010-08-09T00:00:00.000Z,13.5000,29,40.0
909,2010-08-09T00:00:00.000Z,12.9500,30,40.0
910,2010-08-09T00:00:00.000Z,21.5000,31,40.0
911,2010-08-09T00:00:00.000Z,28.5000,32,40.0
912,2010-08-09T00:00:00.000Z,68.8500,33,40.0
913,2010-08-16T00:00:00.000Z,14.1500,2,40.0
914,2010-08-16T00:00:00.000Z,12.4500,3,16.0
915,2010-08-16T00:00:00.000Z,18.9000,5,40.0
916,2010-08-16T00:00:00.000Z,17.4500,6,40.0
917,2010-08-16T00:00:00.000Z,11.3500,7,40.0
918,2010-08-16T00:00:00.000Z,11.6000,8,40.0
919,2010-08-16T00:00:00.000Z,11.0000,9,40.0
920,2010-08-16T00:00:00.000Z,11.9500,10,40.0
921,2010-08-16T00:00:00.000Z,10.8000,11,16.0
922,2010-08-16T00:00:00.000Z,10.2500,12,40.0
923,2010-08-16T00:00:00.000Z,14.7500,14,40.0
924,2010-08-16T00:00:00.000Z,10.5500,15,16.0
925,2010-08-16T00:00:00.000Z,12.6500,16,40.0
926,2010-08-16T00:00:00.000Z,9.2500,17,16.0
927,2010-08-16T00:00:00.000Z,8.9000,18,16.0
928,2010-08-16T00:00:00.000Z,9.4500,19,40.0
929,2010-08-16T00:00:00.000Z,19.5500,20,40.0
930,2010-08-16T00:00:00.000Z,13.3500,21,40.0
931,2010-08-16T00:00:00.000Z,11.0000,22,16.0
932,2010-08-16T00:00:00.000Z,17.5000,24,40.0
933,2010-08-16T00:00:00.000Z,10.9000,25,40.0
934,2010-08-16T00:00:00.000Z,10.0000,26,16.0
935,2010-08-16T00:00:00.000Z,19.2000,27,40.0
936,2010-08-16T00:00:00.000Z,9.0000,28,40.0
937,2010-08-16T00:00:00.000Z,13.5000,29,40.0
938,2010-08-16T00:00:00.000Z,12.9500,30,40.0
939,2010-08-16T00:00:00.000Z,21.5000,31,40.0
940,2010-08-16T00:00:00.000Z,28.5000,32,40.0
941,2010-08-16T00:00:00.000Z,68.8500,33,40.0
942,2010-08-23T00:00:00.000Z,14.1500,2,40.0
943,2010-08-23T00:00:00.000Z,12.4500,3,14.0
944,2010-08-23T00:00:00.000Z,18.9000,5,40.0
945,2010-08-23T00:00:00.000Z,17.4500,6,40.0
946,2010-08-23T00:00:00.000Z,11.3500,7,40.0
947,2010-08-23T00:00:00.000Z,11.6000,8,40.0
948,2010-08-23T00:00:00.000Z,11.0000,9,40.0
949,2010-08-23T00:00:00.000Z,11.9500,10,40.0
950,2010-08-23T00:00:00.000Z,10.8000,11,14.0
951,2010-08-23T00:00:00.000Z,10.2500,12,40.0
952,2010-08-23T00:00:00.000Z,14.7500,14,40.0
953,2010-08-23T00:00:00.000Z,10.5500,15,14.0
954,2010-08-23T00:00:00.000Z,12.6500,16,40.0
955,2010-08-23T00:00:00.000Z,9.2500,17,14.0
956,2010-08-23T00:00:00.000Z,8.9000,18,14.0
957,2010-08-23T00:00:00.000Z,9.4500,19,40.0
958,2010-08-23T00:00:00.000Z,19.5500,20,40.0
959,2010-08-23T00:00:00.000Z,13.3500,21,40.0
960,2010-08-23T00:00:00.000Z,11.0000,22,14.0
961,2010-08-23T00:00:00.000Z,17.5000,24,40.0
962,2010-08-23T00:00:00.000Z,10.9000,25,40.0
963,2010-08-23T00:00:00.000Z,10.0000,26,14.0
964,2010-08-23T00:00:00.000Z,19.2000,27,40.0
965,2010-08-23T00:00:00.000Z,9.0000,28,40.0
966,2010-08-23T00:00:00.000Z,13.5000,29,40.0
967,2010-08-23T00:00:00.000Z,12.9500,30,40.0
968,2010-08-23T00:00:00.000Z,21.5000,31,40.0
969,2010-08-23T00:00:00.000Z,28.5000,32,40.0
970,2010-08-23T00:00:00.000Z,68.8500,33,40.0
971,2010-08-30T00:00:00.000Z,14.1500,2,40.0
972,2010-08-30T00:00:00.000Z,12.4500,3,17.0
973,2010-08-30T00:00:00.000Z,18.9000,5,40.0
974,2010-08-30T00:00:00.000Z,17.4500,6,40.0
975,2010-08-30T00:00:00.000Z,11.3500,7,40.0
976,2010-08-30T00:00:00.000Z,11.6000,8,40.0
977,2010-08-30T00:00:00.000Z,11.0000,9,40.0
978,2010-08-30T00:00:00.000Z,11.9500,10,40.0
979,2010-08-30T00:00:00.000Z,10.8000,11,17.0
980,2010-08-30T00:00:00.000Z,10.2500,12,40.0
981,2010-08-30T00:00:00.000Z,14.7500,14,40.0
982,2010-08-30T00:00:00.000Z,10.5500,15,17.0
983,2010-08-30T00:00:00.000Z,12.6500,16,40.0
984,2010-08-30T00:00:00.000Z,9.2500,17,17.0
985,2010-08-30T00:00:00.000Z,8.9000,18,17.0
986,2010-08-30T00:00:00.000Z,9.4500,19,40.0
987,2010-08-30T00:00:00.000Z,19.5500,20,40.0
988,2010-08-30T00:00:00.000Z,13.3500,21,40.0
989,2010-08-30T00:00:00.000Z,11.0000,22,17.0
990,2010-08-30T00:00:00.000Z,17.5000,24,40.0
991,2010-08-30T00:00:00.000Z,10.9000,25,40.0
992,2010-08-30T00:00:00.000Z,10.0000,26,17.0
993,2010-08-30T00:00:00.000Z,19.2000,27,40.0
994,2010-08-30T00:00:00.000Z,9.0000,28,40.0
995,2010-08-30T00:00:00.000Z,13.5000,29,40.0
996,2010-08-30T00:00:00.000Z,12.9500,30,40.0
997,2010-08-30T00:00:00.000Z,21.5000,31,40.0
998,2010-08-30T00:00:00.000Z,28.5000,32,40.0
999,2010-08-30T00:00:00.000Z,68.8500,33,40.0
1000,2010-09-06T00:00:00.000Z,14.1500,2,40.0
