ORDER_ID,CUSTOMER_ID,ORDER_DATE,SHIPPED_DATE,SHIP_VIA,CREDITCARD_ID
1,13,2010-01-01T00:00:00.000Z,2010-01-10T00:00:00.000Z,JiffyEx,31
2,25,2010-01-01T00:00:00.000Z,2010-01-04T00:00:00.000Z,UDS,53
3,19,2010-01-01T00:00:00.000Z,2010-01-07T00:00:00.000Z,Postal Service,41
4,1,2010-01-02T00:00:00.000Z,2010-01-08T00:00:00.000Z,Postal Service,3
5,4,2010-01-02T00:00:00.000Z,2010-01-05T00:00:00.000Z,UDS,14
6,18,2010-01-02T00:00:00.000Z,2010-01-07T00:00:00.000Z,Postal Service,38
7,7,2010-01-03T00:00:00.000Z,2010-01-08T00:00:00.000Z,UDS,18
8,25,2010-12-03T00:00:00.000Z,2010-12-09T00:00:00.000Z,JiffyEx,53
9,19,2010-01-04T00:00:00.000Z,2010-01-07T00:00:00.000Z,UDS,41
10,18,2010-01-05T00:00:00.000Z,2010-01-08T00:00:00.000Z,UDS,38
11,21,2010-01-05T00:00:00.000Z,2010-01-08T00:00:00.000Z,JiffyEx,43
12,18,2010-01-05T00:00:00.000Z,2010-01-08T00:00:00.000Z,UDS,38
13,21,2010-11-05T00:00:00.000Z,2010-11-08T00:00:00.000Z,JiffyEx,43
14,25,2010-12-06T00:00:00.000Z,2010-12-10T00:00:00.000Z,JiffyEx,53
15,17,2010-01-06T00:00:00.000Z,2010-01-09T00:00:00.000Z,UDS,20
16,11,2010-01-06T00:00:00.000Z,2010-01-11T00:00:00.000Z,Postal Service,26
17,13,2010-01-07T00:00:00.000Z,2010-01-19T00:00:00.000Z,Rodeway Express,31
18,17,2010-01-07T00:00:00.000Z,2010-01-10T00:00:00.000Z,UDS,20
19,9,2010-01-08T00:00:00.000Z,2010-01-13T00:00:00.000Z,Postal Service,23
20,2,2010-01-08T00:00:00.000Z,2010-01-11T00:00:00.000Z,UDS,9
21,3,2010-01-09T00:00:00.000Z,2010-01-12T00:00:00.000Z,UDS,11
22,13,2010-01-09T00:00:00.000Z,2010-01-15T00:00:00.000Z,JiffyEx,31
23,24,2010-01-09T00:00:00.000Z,2010-01-15T00:00:00.000Z,UDS,51
24,19,2010-11-10T00:00:00.000Z,2010-11-13T00:00:00.000Z,JiffyEx,41
25,6,2010-01-10T00:00:00.000Z,2010-01-16T00:00:00.000Z,UDS,17
26,15,2010-11-11T00:00:00.000Z,2010-11-14T00:00:00.000Z,Postal Service,34
27,3,2010-12-10T00:00:00.000Z,2010-12-15T00:00:00.000Z,JiffyEx,11
28,24,2010-01-12T00:00:00.000Z,2010-01-17T00:00:00.000Z,UDS,51
29,11,2010-01-12T00:00:00.000Z,2010-01-18T00:00:00.000Z,Postal Service,26
30,18,2010-01-12T00:00:00.000Z,2010-01-20T00:00:00.000Z,UDS,38
31,11,2010-01-13T00:00:00.000Z,2010-01-16T00:00:00.000Z,UDS,26
32,25,2010-01-13T00:00:00.000Z,2010-01-16T00:00:00.000Z,JiffyEx,53
33,12,2010-01-13T00:00:00.000Z,2010-01-16T00:00:00.000Z,JiffyEx,28
34,19,2010-01-14T00:00:00.000Z,2010-01-18T00:00:00.000Z,UDS,41
35,5,2010-12-14T00:00:00.000Z,2010-12-19T00:00:00.000Z,UDS,15
36,14,2010-01-14T00:00:00.000Z,2010-01-20T00:00:00.000Z,JiffyEx,32
37,24,2010-01-15T00:00:00.000Z,2010-01-18T00:00:00.000Z,UDS,51
38,24,2010-01-15T00:00:00.000Z,2010-01-18T00:00:00.000Z,UDS,51
39,9,2010-01-15T00:00:00.000Z,2010-01-19T00:00:00.000Z,JiffyEx,23
40,19,2010-01-16T00:00:00.000Z,2010-01-25T00:00:00.000Z,JiffyEx,41
41,14,2010-01-16T00:00:00.000Z,2010-01-19T00:00:00.000Z,UDS,32
42,1,2010-01-16T00:00:00.000Z,2010-01-19T00:00:00.000Z,UDS,3
43,16,2010-01-17T00:00:00.000Z,2010-01-20T00:00:00.000Z,Postal Service,36
44,10,2010-01-17T00:00:00.000Z,2010-01-20T00:00:00.000Z,UDS,25
45,9,2010-01-18T00:00:00.000Z,2010-01-28T00:00:00.000Z,UDS,23
46,16,2010-01-18T00:00:00.000Z,2010-01-21T00:00:00.000Z,JiffyEx,36
47,25,2010-01-19T00:00:00.000Z,2010-01-23T00:00:00.000Z,Postal Service,53
48,24,2010-01-19T00:00:00.000Z,2010-01-22T00:00:00.000Z,UDS,51
49,15,2010-01-19T00:00:00.000Z,2010-02-01T00:00:00.000Z,Postal Service,34
50,5,2010-01-20T00:00:00.000Z,2010-01-23T00:00:00.000Z,Postal Service,15
51,3,2010-12-20T00:00:00.000Z,2010-12-23T00:00:00.000Z,UDS,11
52,24,2010-01-20T00:00:00.000Z,2010-01-23T00:00:00.000Z,Postal Service,51
53,20,2010-01-21T00:00:00.000Z,2010-01-24T00:00:00.000Z,Postal Service,43
54,10,2010-01-21T00:00:00.000Z,2010-01-24T00:00:00.000Z,UDS,25
55,15,2010-01-21T00:00:00.000Z,2010-01-24T00:00:00.000Z,JiffyEx,34
56,15,2010-01-22T00:00:00.000Z,2010-01-28T00:00:00.000Z,JiffyEx,34
57,2,2010-01-22T00:00:00.000Z,2010-01-28T00:00:00.000Z,UDS,9
58,19,2010-01-22T00:00:00.000Z,2010-01-27T00:00:00.000Z,JiffyEx,41
59,14,2010-01-23T00:00:00.000Z,2010-01-26T00:00:00.000Z,UDS,32
60,9,2010-01-24T00:00:00.000Z,2010-01-29T00:00:00.000Z,UDS,23
61,9,2010-01-24T00:00:00.000Z,2010-01-30T00:00:00.000Z,UDS,23
62,19,2010-01-24T00:00:00.000Z,2010-01-27T00:00:00.000Z,UDS,41
63,13,2010-01-25T00:00:00.000Z,2010-01-28T00:00:00.000Z,UDS,31
64,14,2010-11-25T00:00:00.000Z,2010-11-28T00:00:00.000Z,JiffyEx,32
65,16,2010-01-25T00:00:00.000Z,2010-01-29T00:00:00.000Z,UDS,36
66,21,2010-11-26T00:00:00.000Z,2010-12-01T00:00:00.000Z,JiffyEx,43
67,13,2010-01-26T00:00:00.000Z,2010-01-29T00:00:00.000Z,Postal Service,31
68,3,2010-01-26T00:00:00.000Z,2010-01-30T00:00:00.000Z,UDS,11
69,1,2010-11-27T00:00:00.000Z,2010-12-03T00:00:00.000Z,Postal Service,3
70,5,2010-01-27T00:00:00.000Z,2010-01-31T00:00:00.000Z,JiffyEx,15
71,24,2010-11-28T00:00:00.000Z,2010-12-02T00:00:00.000Z,Rodeway Express,51
72,2,2010-11-28T00:00:00.000Z,2010-12-10T00:00:00.000Z,UDS,9
73,21,2010-01-28T00:00:00.000Z,2010-01-31T00:00:00.000Z,UDS,43
74,23,2010-01-28T00:00:00.000Z,2010-01-31T00:00:00.000Z,UDS,46
75,24,2010-01-29T00:00:00.000Z,2010-02-01T00:00:00.000Z,UDS,51
76,3,2010-01-30T00:00:00.000Z,2010-02-12T00:00:00.000Z,Postal Service,11
77,4,2010-01-30T00:00:00.000Z,2010-02-02T00:00:00.000Z,UDS,14
78,2,2010-01-30T00:00:00.000Z,2010-02-02T00:00:00.000Z,UDS,9
79,19,2010-01-31T00:00:00.000Z,2010-02-08T00:00:00.000Z,UDS,41
80,1,2010-01-31T00:00:00.000Z,2010-02-04T00:00:00.000Z,UDS,3
81,5,2010-01-31T00:00:00.000Z,2010-02-04T00:00:00.000Z,UDS,15
82,24,2010-02-01T00:00:00.000Z,2010-02-04T00:00:00.000Z,JiffyEx,51
83,23,2010-02-01T00:00:00.000Z,2010-02-07T00:00:00.000Z,UDS,46
84,4,2010-02-01T00:00:00.000Z,2010-02-07T00:00:00.000Z,JiffyEx,14
85,11,2010-02-01T00:00:00.000Z,2010-02-04T00:00:00.000Z,JiffyEx,26
86,11,2010-02-02T00:00:00.000Z,2010-02-06T00:00:00.000Z,JiffyEx,26
87,10,2010-02-02T00:00:00.000Z,2010-02-05T00:00:00.000Z,UDS,25
88,24,2010-02-02T00:00:00.000Z,2010-02-08T00:00:00.000Z,Postal Service,51
89,13,2010-02-03T00:00:00.000Z,2010-02-06T00:00:00.000Z,Postal Service,31
90,23,2010-02-03T00:00:00.000Z,2010-02-06T00:00:00.000Z,Postal Service,46
91,19,2010-02-03T00:00:00.000Z,2010-02-09T00:00:00.000Z,UDS,41
92,7,2010-02-03T00:00:00.000Z,2010-02-08T00:00:00.000Z,Postal Service,18
93,8,2010-02-04T00:00:00.000Z,2010-02-10T00:00:00.000Z,UDS,20
94,12,2010-02-05T00:00:00.000Z,2010-02-14T00:00:00.000Z,Rodeway Express,28
95,14,2010-02-05T00:00:00.000Z,2010-02-08T00:00:00.000Z,UDS,32
96,2,2010-02-05T00:00:00.000Z,2010-02-08T00:00:00.000Z,UDS,9
97,5,2010-02-06T00:00:00.000Z,2010-02-09T00:00:00.000Z,JiffyEx,15
98,11,2010-02-06T00:00:00.000Z,2010-02-10T00:00:00.000Z,JiffyEx,26
99,9,2010-02-06T00:00:00.000Z,2010-02-10T00:00:00.000Z,JiffyEx,23
100,24,2010-02-07T00:00:00.000Z,2010-02-18T00:00:00.000Z,UDS,51
101,19,2010-02-07T00:00:00.000Z,2010-02-10T00:00:00.000Z,Postal Service,41
102,1,2010-02-07T00:00:00.000Z,2010-02-11T00:00:00.000Z,UDS,3
103,2,2010-02-08T00:00:00.000Z,2010-02-11T00:00:00.000Z,Postal Service,9
104,25,2010-02-08T00:00:00.000Z,2010-02-11T00:00:00.000Z,UDS,53
105,25,2010-02-08T00:00:00.000Z,2010-02-11T00:00:00.000Z,Rodeway Express,53
106,8,2010-02-09T00:00:00.000Z,2010-02-15T00:00:00.000Z,JiffyEx,20
107,15,2010-02-09T00:00:00.000Z,2010-02-13T00:00:00.000Z,JiffyEx,34
108,4,2010-02-10T00:00:00.000Z,2010-02-13T00:00:00.000Z,JiffyEx,14
109,24,2010-02-10T00:00:00.000Z,2010-02-22T00:00:00.000Z,UDS,51
110,3,2010-02-11T00:00:00.000Z,2010-02-17T00:00:00.000Z,JiffyEx,11
111,11,2010-02-13T00:00:00.000Z,2010-02-17T00:00:00.000Z,UDS,26
112,2,2010-02-14T00:00:00.000Z,2010-02-20T00:00:00.000Z,UDS,9
113,10,2010-02-14T00:00:00.000Z,2010-02-26T00:00:00.000Z,JiffyEx,25
114,18,2010-02-15T00:00:00.000Z,2010-02-22T00:00:00.000Z,Postal Service,38
115,1,2010-02-15T00:00:00.000Z,2010-02-20T00:00:00.000Z,UDS,3
116,8,2010-02-15T00:00:00.000Z,2010-02-21T00:00:00.000Z,Postal Service,20
117,24,2010-02-17T00:00:00.000Z,2010-02-22T00:00:00.000Z,UDS,51
118,25,2010-02-17T00:00:00.000Z,2010-02-20T00:00:00.000Z,UDS,53
119,23,2010-02-17T00:00:00.000Z,2010-02-20T00:00:00.000Z,JiffyEx,46
120,21,2010-02-18T00:00:00.000Z,2010-02-22T00:00:00.000Z,UDS,43
121,25,2010-02-18T00:00:00.000Z,2010-02-23T00:00:00.000Z,UDS,53
122,4,2010-02-19T00:00:00.000Z,2010-02-24T00:00:00.000Z,JiffyEx,14
123,20,2010-02-19T00:00:00.000Z,2010-02-22T00:00:00.000Z,UDS,43
124,15,2010-02-20T00:00:00.000Z,2010-02-23T00:00:00.000Z,UDS,34
125,25,2010-02-20T00:00:00.000Z,2010-02-23T00:00:00.000Z,JiffyEx,53
126,8,2010-02-20T00:00:00.000Z,2010-02-26T00:00:00.000Z,JiffyEx,20
127,2,2010-02-21T00:00:00.000Z,2010-02-27T00:00:00.000Z,Postal Service,9
128,19,2010-02-21T00:00:00.000Z,2010-02-27T00:00:00.000Z,UDS,41
129,24,2010-02-22T00:00:00.000Z,2010-02-25T00:00:00.000Z,JiffyEx,51
130,15,2010-02-22T00:00:00.000Z,2010-03-01T00:00:00.000Z,JiffyEx,34
131,19,2010-02-23T00:00:00.000Z,2010-02-26T00:00:00.000Z,Rodeway Express,41
132,7,2010-02-24T00:00:00.000Z,2010-02-27T00:00:00.000Z,UDS,18
133,8,2010-02-25T00:00:00.000Z,2010-03-02T00:00:00.000Z,JiffyEx,20
134,17,2010-02-25T00:00:00.000Z,2010-02-28T00:00:00.000Z,UDS,20
135,17,2010-02-25T00:00:00.000Z,2010-02-28T00:00:00.000Z,JiffyEx,20
136,23,2010-02-26T00:00:00.000Z,2010-03-10T00:00:00.000Z,UDS,46
137,13,2010-02-26T00:00:00.000Z,2010-03-04T00:00:00.000Z,JiffyEx,31
138,5,2010-02-27T00:00:00.000Z,2010-03-02T00:00:00.000Z,JiffyEx,15
139,20,2010-02-27T00:00:00.000Z,2010-03-02T00:00:00.000Z,Rodeway Express,43
140,15,2010-02-27T00:00:00.000Z,2010-03-05T00:00:00.000Z,Rodeway Express,34
141,5,2010-02-28T00:00:00.000Z,2010-03-05T00:00:00.000Z,UDS,15
142,2,2010-02-28T00:00:00.000Z,2010-03-07T00:00:00.000Z,Postal Service,9
143,7,2010-03-01T00:00:00.000Z,2010-03-04T00:00:00.000Z,UDS,18
144,25,2010-03-01T00:00:00.000Z,2010-03-06T00:00:00.000Z,UDS,53
145,13,2010-03-01T00:00:00.000Z,2010-03-04T00:00:00.000Z,JiffyEx,31
146,18,2010-03-02T00:00:00.000Z,2010-03-08T00:00:00.000Z,JiffyEx,38
147,2,2010-03-02T00:00:00.000Z,2010-03-05T00:00:00.000Z,JiffyEx,9
148,9,2010-03-03T00:00:00.000Z,2010-03-07T00:00:00.000Z,Postal Service,23
149,25,2010-03-04T00:00:00.000Z,2010-03-17T00:00:00.000Z,UDS,53
150,3,2010-03-04T00:00:00.000Z,2010-03-16T00:00:00.000Z,Postal Service,11
151,5,2010-03-04T00:00:00.000Z,2010-03-10T00:00:00.000Z,UDS,15
152,6,2010-03-04T00:00:00.000Z,2010-03-07T00:00:00.000Z,JiffyEx,17
153,15,2010-03-05T00:00:00.000Z,2010-03-08T00:00:00.000Z,UDS,34
154,21,2010-03-05T00:00:00.000Z,2010-03-10T00:00:00.000Z,UDS,43
155,12,2010-03-05T00:00:00.000Z,2010-03-08T00:00:00.000Z,JiffyEx,28
156,20,2010-03-06T00:00:00.000Z,2010-03-09T00:00:00.000Z,Postal Service,43
157,22,2010-03-07T00:00:00.000Z,2010-03-12T00:00:00.000Z,JiffyEx,45
158,6,2010-03-07T00:00:00.000Z,2010-03-19T00:00:00.000Z,JiffyEx,17
159,4,2010-03-07T00:00:00.000Z,2010-03-19T00:00:00.000Z,UDS,14
160,18,2010-03-07T00:00:00.000Z,2010-03-10T00:00:00.000Z,UDS,38
161,1,2010-03-08T00:00:00.000Z,2010-03-14T00:00:00.000Z,JiffyEx,3
162,25,2010-03-10T00:00:00.000Z,2010-03-13T00:00:00.000Z,Postal Service,53
163,2,2010-03-11T00:00:00.000Z,2010-03-20T00:00:00.000Z,UDS,9
164,10,2010-03-11T00:00:00.000Z,2010-03-14T00:00:00.000Z,UDS,25
165,5,2010-03-11T00:00:00.000Z,2010-03-17T00:00:00.000Z,Postal Service,15
166,3,2010-03-12T00:00:00.000Z,2010-03-15T00:00:00.000Z,Postal Service,11
167,19,2010-03-12T00:00:00.000Z,2010-03-18T00:00:00.000Z,Postal Service,41
168,5,2010-03-13T00:00:00.000Z,2010-03-18T00:00:00.000Z,Postal Service,15
169,3,2010-03-13T00:00:00.000Z,2010-03-19T00:00:00.000Z,UDS,11
170,23,2010-03-13T00:00:00.000Z,2010-03-17T00:00:00.000Z,JiffyEx,46
171,21,2010-03-14T00:00:00.000Z,2010-03-17T00:00:00.000Z,JiffyEx,43
172,2,2010-03-14T00:00:00.000Z,2010-03-18T00:00:00.000Z,Rodeway Express,9
173,13,2010-03-14T00:00:00.000Z,2010-03-17T00:00:00.000Z,UDS,31
174,2,2010-03-15T00:00:00.000Z,2010-03-20T00:00:00.000Z,JiffyEx,9
175,4,2010-03-15T00:00:00.000Z,2010-03-18T00:00:00.000Z,UDS,14
176,22,2010-03-15T00:00:00.000Z,2010-03-20T00:00:00.000Z,Postal Service,45
177,10,2010-03-16T00:00:00.000Z,2010-03-19T00:00:00.000Z,Postal Service,25
178,13,2010-03-17T00:00:00.000Z,2010-03-20T00:00:00.000Z,UDS,31
179,10,2010-03-17T00:00:00.000Z,2010-03-22T00:00:00.000Z,UDS,25
180,6,2010-03-17T00:00:00.000Z,2010-03-25T00:00:00.000Z,JiffyEx,17
181,16,2010-03-17T00:00:00.000Z,2010-03-20T00:00:00.000Z,Postal Service,36
182,24,2010-03-18T00:00:00.000Z,2010-03-28T00:00:00.000Z,Postal Service,51
183,18,2010-03-19T00:00:00.000Z,2010-03-23T00:00:00.000Z,Rodeway Express,38
184,16,2010-03-19T00:00:00.000Z,2010-03-25T00:00:00.000Z,UDS,36
185,4,2010-03-19T00:00:00.000Z,2010-03-23T00:00:00.000Z,UDS,14
186,12,2010-03-19T00:00:00.000Z,2010-03-23T00:00:00.000Z,UDS,28
187,2,2010-03-20T00:00:00.000Z,2010-03-31T00:00:00.000Z,Postal Service,9
188,12,2010-03-21T00:00:00.000Z,2010-04-02T00:00:00.000Z,UDS,28
189,21,2010-03-22T00:00:00.000Z,2010-04-02T00:00:00.000Z,UDS,43
190,4,2010-03-23T00:00:00.000Z,2010-03-28T00:00:00.000Z,UDS,14
191,6,2010-03-24T00:00:00.000Z,2010-03-27T00:00:00.000Z,UDS,17
192,15,2010-03-24T00:00:00.000Z,2010-03-27T00:00:00.000Z,JiffyEx,34
193,17,2010-03-24T00:00:00.000Z,2010-03-27T00:00:00.000Z,Postal Service,20
194,9,2010-03-25T00:00:00.000Z,2010-04-06T00:00:00.000Z,Rodeway Express,23
195,5,2010-03-25T00:00:00.000Z,2010-03-29T00:00:00.000Z,JiffyEx,15
196,7,2010-03-25T00:00:00.000Z,2010-03-28T00:00:00.000Z,UDS,18
197,11,2010-03-26T00:00:00.000Z,2010-04-05T00:00:00.000Z,JiffyEx,26
198,9,2010-03-26T00:00:00.000Z,2010-03-29T00:00:00.000Z,UDS,23
199,10,2010-03-26T00:00:00.000Z,2010-03-29T00:00:00.000Z,UDS,25
200,8,2010-03-27T00:00:00.000Z,2010-03-30T00:00:00.000Z,JiffyEx,20
201,21,2010-03-27T00:00:00.000Z,2010-03-30T00:00:00.000Z,JiffyEx,43
202,5,2010-03-27T00:00:00.000Z,2010-03-30T00:00:00.000Z,Postal Service,15
203,11,2010-03-27T00:00:00.000Z,2010-04-09T00:00:00.000Z,Postal Service,26
204,10,2010-03-28T00:00:00.000Z,2010-04-03T00:00:00.000Z,UDS,25
205,24,2010-03-28T00:00:00.000Z,2010-04-07T00:00:00.000Z,Rodeway Express,51
206,3,2010-03-28T00:00:00.000Z,2010-03-31T00:00:00.000Z,UDS,11
207,10,2010-03-29T00:00:00.000Z,2010-04-01T00:00:00.000Z,JiffyEx,25
208,24,2010-03-30T00:00:00.000Z,2010-04-02T00:00:00.000Z,JiffyEx,51
209,21,2010-03-30T00:00:00.000Z,2010-04-08T00:00:00.000Z,JiffyEx,43
210,21,2010-03-31T00:00:00.000Z,2010-04-04T00:00:00.000Z,UDS,43
211,10,2010-04-01T00:00:00.000Z,2010-04-06T00:00:00.000Z,UDS,25
212,4,2010-04-02T00:00:00.000Z,2010-04-05T00:00:00.000Z,Postal Service,14
213,6,2010-04-02T00:00:00.000Z,2010-04-05T00:00:00.000Z,UDS,17
214,21,2010-04-03T00:00:00.000Z,2010-04-07T00:00:00.000Z,Postal Service,43
215,21,2010-04-04T00:00:00.000Z,2010-04-07T00:00:00.000Z,UDS,43
216,2,2010-04-04T00:00:00.000Z,2010-04-09T00:00:00.000Z,JiffyEx,9
217,21,2010-04-04T00:00:00.000Z,2010-04-10T00:00:00.000Z,Postal Service,43
218,21,2010-04-05T00:00:00.000Z,2010-04-08T00:00:00.000Z,Rodeway Express,43
219,3,2010-04-05T00:00:00.000Z,2010-04-08T00:00:00.000Z,Postal Service,11
220,24,2010-04-05T00:00:00.000Z,2010-04-08T00:00:00.000Z,JiffyEx,51
221,23,2010-04-06T00:00:00.000Z,2010-04-09T00:00:00.000Z,Rodeway Express,46
222,21,2010-04-06T00:00:00.000Z,2010-04-19T00:00:00.000Z,Postal Service,43
223,21,2010-04-08T00:00:00.000Z,2010-04-11T00:00:00.000Z,UDS,43
224,2,2010-04-08T00:00:00.000Z,2010-04-12T00:00:00.000Z,JiffyEx,9
225,17,2010-04-08T00:00:00.000Z,2010-04-20T00:00:00.000Z,Rodeway Express,20
226,11,2010-04-09T00:00:00.000Z,2010-04-12T00:00:00.000Z,UDS,26
227,5,2010-04-09T00:00:00.000Z,2010-04-12T00:00:00.000Z,JiffyEx,15
228,13,2010-04-09T00:00:00.000Z,2010-04-14T00:00:00.000Z,UDS,31
229,25,2010-04-10T00:00:00.000Z,2010-04-13T00:00:00.000Z,JiffyEx,53
230,17,2010-04-10T00:00:00.000Z,2010-04-16T00:00:00.000Z,JiffyEx,20
231,7,2010-04-10T00:00:00.000Z,2010-04-13T00:00:00.000Z,Postal Service,18
232,24,2010-04-11T00:00:00.000Z,2010-04-14T00:00:00.000Z,UDS,51
233,14,2010-04-11T00:00:00.000Z,2010-04-17T00:00:00.000Z,JiffyEx,32
234,1,2010-04-11T00:00:00.000Z,2010-04-14T00:00:00.000Z,UDS,3
235,20,2010-04-12T00:00:00.000Z,2010-04-16T00:00:00.000Z,JiffyEx,43
236,7,2010-04-12T00:00:00.000Z,2010-04-18T00:00:00.000Z,UDS,18
237,6,2010-04-12T00:00:00.000Z,2010-04-17T00:00:00.000Z,UDS,17
238,10,2010-04-13T00:00:00.000Z,2010-04-18T00:00:00.000Z,JiffyEx,25
239,4,2010-04-13T00:00:00.000Z,2010-04-18T00:00:00.000Z,Postal Service,14
240,13,2010-04-13T00:00:00.000Z,2010-04-16T00:00:00.000Z,UDS,31
241,19,2010-12-14T00:00:00.000Z,2010-12-17T00:00:00.000Z,Postal Service,41
242,16,2010-12-14T00:00:00.000Z,2010-12-17T00:00:00.000Z,Rodeway Express,36
243,19,2010-04-14T00:00:00.000Z,2010-04-18T00:00:00.000Z,UDS,41
244,6,2010-04-15T00:00:00.000Z,2010-04-18T00:00:00.000Z,UDS,17
245,24,2010-04-15T00:00:00.000Z,2010-04-20T00:00:00.000Z,Postal Service,51
246,9,2010-04-15T00:00:00.000Z,2010-04-18T00:00:00.000Z,UDS,23
247,21,2010-11-16T00:00:00.000Z,2010-11-20T00:00:00.000Z,JiffyEx,43
248,10,2010-11-16T00:00:00.000Z,2010-11-19T00:00:00.000Z,JiffyEx,25
249,5,2010-04-16T00:00:00.000Z,2010-04-20T00:00:00.000Z,JiffyEx,15
250,6,2010-04-17T00:00:00.000Z,2010-04-20T00:00:00.000Z,JiffyEx,17
251,6,2010-04-17T00:00:00.000Z,2010-04-23T00:00:00.000Z,UDS,17
252,10,2010-04-18T00:00:00.000Z,2010-04-22T00:00:00.000Z,Postal Service,25
253,25,2010-04-18T00:00:00.000Z,2010-04-21T00:00:00.000Z,JiffyEx,53
254,23,2010-04-19T00:00:00.000Z,2010-04-22T00:00:00.000Z,UDS,46
255,16,2010-04-19T00:00:00.000Z,2010-04-25T00:00:00.000Z,UDS,36
256,17,2010-04-20T00:00:00.000Z,2010-04-23T00:00:00.000Z,Postal Service,20
257,19,2010-04-21T00:00:00.000Z,2010-04-24T00:00:00.000Z,UDS,41
258,5,2010-04-21T00:00:00.000Z,2010-04-25T00:00:00.000Z,UDS,15
259,14,2010-04-21T00:00:00.000Z,2010-04-26T00:00:00.000Z,Postal Service,32
260,18,2010-04-22T00:00:00.000Z,2010-04-25T00:00:00.000Z,UDS,38
261,25,2010-04-22T00:00:00.000Z,2010-04-27T00:00:00.000Z,JiffyEx,53
262,2,2010-11-22T00:00:00.000Z,2010-11-25T00:00:00.000Z,JiffyEx,9
263,7,2010-04-23T00:00:00.000Z,2010-04-26T00:00:00.000Z,JiffyEx,18
264,4,2010-04-23T00:00:00.000Z,2010-04-28T00:00:00.000Z,UDS,14
265,1,2010-04-23T00:00:00.000Z,2010-04-29T00:00:00.000Z,UDS,3
266,10,2010-04-24T00:00:00.000Z,2010-04-27T00:00:00.000Z,UDS,25
267,15,2010-04-25T00:00:00.000Z,2010-04-28T00:00:00.000Z,JiffyEx,34
268,4,2010-04-25T00:00:00.000Z,2010-04-28T00:00:00.000Z,JiffyEx,14
269,16,2010-04-26T00:00:00.000Z,2010-04-30T00:00:00.000Z,Rodeway Express,36
270,19,2010-04-26T00:00:00.000Z,2010-04-29T00:00:00.000Z,JiffyEx,41
271,9,2010-04-26T00:00:00.000Z,2010-05-02T00:00:00.000Z,UDS,23
272,3,2010-04-27T00:00:00.000Z,2010-05-02T00:00:00.000Z,Postal Service,11
273,24,2010-04-27T00:00:00.000Z,2010-05-01T00:00:00.000Z,JiffyEx,51
274,1,2010-04-28T00:00:00.000Z,2010-05-01T00:00:00.000Z,Rodeway Express,3
275,14,2010-04-28T00:00:00.000Z,2010-05-01T00:00:00.000Z,JiffyEx,32
276,25,2010-04-28T00:00:00.000Z,2010-05-01T00:00:00.000Z,Postal Service,53
277,7,2010-04-29T00:00:00.000Z,2010-05-02T00:00:00.000Z,UDS,18
278,5,2010-04-29T00:00:00.000Z,2010-05-05T00:00:00.000Z,JiffyEx,15
279,16,2010-04-30T00:00:00.000Z,2010-05-06T00:00:00.000Z,UDS,36
280,2,2010-04-30T00:00:00.000Z,2010-05-03T00:00:00.000Z,Postal Service,9
281,17,2010-12-01T00:00:00.000Z,2010-12-04T00:00:00.000Z,Postal Service,20
282,3,2010-05-01T00:00:00.000Z,2010-05-04T00:00:00.000Z,JiffyEx,11
283,16,2010-05-01T00:00:00.000Z,2010-05-04T00:00:00.000Z,UDS,36
284,17,2010-05-02T00:00:00.000Z,2010-05-05T00:00:00.000Z,UDS,20
285,7,2010-05-02T00:00:00.000Z,2010-05-07T00:00:00.000Z,Rodeway Express,18
286,16,2010-05-02T00:00:00.000Z,2010-05-06T00:00:00.000Z,UDS,36
287,18,2010-05-03T00:00:00.000Z,2010-05-09T00:00:00.000Z,UDS,38
288,5,2010-05-03T00:00:00.000Z,2010-05-07T00:00:00.000Z,UDS,15
289,8,2010-12-04T00:00:00.000Z,2010-12-07T00:00:00.000Z,Postal Service,20
290,15,2010-05-05T00:00:00.000Z,2010-05-11T00:00:00.000Z,UDS,34
291,1,2010-05-05T00:00:00.000Z,2010-05-09T00:00:00.000Z,UDS,3
292,7,2010-12-06T00:00:00.000Z,2010-12-11T00:00:00.000Z,UDS,18
293,14,2010-05-06T00:00:00.000Z,2010-05-11T00:00:00.000Z,Postal Service,32
294,18,2010-05-06T00:00:00.000Z,2010-05-10T00:00:00.000Z,Postal Service,38
295,21,2010-05-06T00:00:00.000Z,2010-05-09T00:00:00.000Z,Postal Service,43
296,12,2010-05-07T00:00:00.000Z,2010-05-10T00:00:00.000Z,UDS,28
297,10,2010-12-07T00:00:00.000Z,2010-12-11T00:00:00.000Z,UDS,25
298,17,2010-05-08T00:00:00.000Z,2010-05-11T00:00:00.000Z,UDS,20
299,20,2010-05-08T00:00:00.000Z,2010-05-11T00:00:00.000Z,JiffyEx,43
300,16,2010-11-08T00:00:00.000Z,2010-11-11T00:00:00.000Z,UDS,36
301,3,2010-05-09T00:00:00.000Z,2010-05-12T00:00:00.000Z,Postal Service,11
302,10,2010-11-09T00:00:00.000Z,2010-11-17T00:00:00.000Z,Postal Service,25
303,22,2010-05-09T00:00:00.000Z,2010-05-13T00:00:00.000Z,Postal Service,45
304,20,2010-05-10T00:00:00.000Z,2010-05-16T00:00:00.000Z,JiffyEx,43
305,4,2010-05-10T00:00:00.000Z,2010-05-13T00:00:00.000Z,JiffyEx,14
306,10,2010-05-10T00:00:00.000Z,2010-05-17T00:00:00.000Z,JiffyEx,25
307,13,2010-05-11T00:00:00.000Z,2010-05-14T00:00:00.000Z,JiffyEx,31
308,7,2010-05-11T00:00:00.000Z,2010-05-17T00:00:00.000Z,UDS,18
309,4,2010-05-11T00:00:00.000Z,2010-05-14T00:00:00.000Z,UDS,14
310,4,2010-05-11T00:00:00.000Z,2010-05-14T00:00:00.000Z,Rodeway Express,14
311,4,2010-05-12T00:00:00.000Z,2010-05-15T00:00:00.000Z,JiffyEx,14
312,8,2010-05-12T00:00:00.000Z,2010-05-15T00:00:00.000Z,JiffyEx,20
313,16,2010-05-12T00:00:00.000Z,2010-05-15T00:00:00.000Z,UDS,36
314,19,2010-05-13T00:00:00.000Z,2010-05-26T00:00:00.000Z,JiffyEx,41
315,7,2010-05-13T00:00:00.000Z,2010-05-25T00:00:00.000Z,UDS,18
316,13,2010-05-14T00:00:00.000Z,2010-05-17T00:00:00.000Z,UDS,31
317,10,2010-05-14T00:00:00.000Z,2010-05-20T00:00:00.000Z,JiffyEx,25
318,16,2010-05-14T00:00:00.000Z,2010-05-18T00:00:00.000Z,UDS,36
319,20,2010-05-15T00:00:00.000Z,2010-05-19T00:00:00.000Z,JiffyEx,43
320,3,2010-05-15T00:00:00.000Z,2010-05-21T00:00:00.000Z,UDS,11
321,16,2010-05-16T00:00:00.000Z,2010-05-22T00:00:00.000Z,UDS,36
322,2,2010-05-16T00:00:00.000Z,2010-05-20T00:00:00.000Z,UDS,9
323,4,2010-05-16T00:00:00.000Z,2010-05-23T00:00:00.000Z,JiffyEx,14
324,6,2010-05-17T00:00:00.000Z,2010-05-20T00:00:00.000Z,Postal Service,17
325,17,2010-05-17T00:00:00.000Z,2010-05-21T00:00:00.000Z,UDS,20
326,23,2010-05-17T00:00:00.000Z,2010-05-20T00:00:00.000Z,UDS,46
327,15,2010-05-17T00:00:00.000Z,2010-05-21T00:00:00.000Z,Postal Service,34
328,2,2010-05-19T00:00:00.000Z,2010-05-30T00:00:00.000Z,UDS,9
329,2,2010-05-19T00:00:00.000Z,2010-05-22T00:00:00.000Z,JiffyEx,9
330,11,2010-05-19T00:00:00.000Z,2010-05-26T00:00:00.000Z,Postal Service,26
331,20,2010-05-20T00:00:00.000Z,2010-05-27T00:00:00.000Z,UDS,43
332,14,2010-05-20T00:00:00.000Z,2010-05-23T00:00:00.000Z,JiffyEx,32
333,10,2010-05-21T00:00:00.000Z,2010-05-24T00:00:00.000Z,UDS,25
334,5,2010-05-21T00:00:00.000Z,2010-05-27T00:00:00.000Z,UDS,15
335,1,2010-05-21T00:00:00.000Z,2010-05-24T00:00:00.000Z,UDS,3
336,25,2010-05-22T00:00:00.000Z,2010-05-28T00:00:00.000Z,Postal Service,53
337,5,2010-05-23T00:00:00.000Z,2010-05-28T00:00:00.000Z,Rodeway Express,15
338,15,2010-05-23T00:00:00.000Z,2010-05-27T00:00:00.000Z,JiffyEx,34
339,25,2010-05-23T00:00:00.000Z,2010-05-28T00:00:00.000Z,UDS,53
340,5,2010-05-24T00:00:00.000Z,2010-06-06T00:00:00.000Z,JiffyEx,15
341,7,2010-05-24T00:00:00.000Z,2010-05-27T00:00:00.000Z,JiffyEx,18
342,21,2010-05-24T00:00:00.000Z,2010-05-27T00:00:00.000Z,UDS,43
343,16,2010-05-24T00:00:00.000Z,2010-05-27T00:00:00.000Z,JiffyEx,36
344,24,2010-05-25T00:00:00.000Z,2010-05-28T00:00:00.000Z,JiffyEx,51
345,22,2010-05-25T00:00:00.000Z,2010-05-28T00:00:00.000Z,JiffyEx,45
346,3,2010-05-25T00:00:00.000Z,2010-06-03T00:00:00.000Z,Postal Service,11
347,23,2010-05-25T00:00:00.000Z,2010-05-31T00:00:00.000Z,Postal Service,46
348,2,2010-05-26T00:00:00.000Z,2010-05-29T00:00:00.000Z,JiffyEx,9
349,10,2010-05-26T00:00:00.000Z,2010-06-01T00:00:00.000Z,JiffyEx,25
350,12,2010-05-27T00:00:00.000Z,2010-05-31T00:00:00.000Z,UDS,28
351,3,2010-05-27T00:00:00.000Z,2010-06-01T00:00:00.000Z,JiffyEx,11
352,15,2010-05-28T00:00:00.000Z,2010-05-31T00:00:00.000Z,UDS,34
353,2,2010-05-28T00:00:00.000Z,2010-05-31T00:00:00.000Z,UDS,9
354,14,2010-05-29T00:00:00.000Z,2010-06-01T00:00:00.000Z,Postal Service,32
355,5,2010-05-29T00:00:00.000Z,2010-06-04T00:00:00.000Z,JiffyEx,15
356,16,2010-05-29T00:00:00.000Z,2010-06-01T00:00:00.000Z,JiffyEx,36
357,12,2010-05-29T00:00:00.000Z,2010-06-01T00:00:00.000Z,JiffyEx,28
358,17,2010-05-30T00:00:00.000Z,2010-06-02T00:00:00.000Z,UDS,20
359,3,2010-05-30T00:00:00.000Z,2010-06-02T00:00:00.000Z,UDS,11
360,12,2010-05-31T00:00:00.000Z,2010-06-12T00:00:00.000Z,Postal Service,28
361,10,2010-05-31T00:00:00.000Z,2010-06-03T00:00:00.000Z,JiffyEx,25
362,15,2010-06-01T00:00:00.000Z,2010-06-06T00:00:00.000Z,Postal Service,34
363,20,2010-06-01T00:00:00.000Z,2010-06-05T00:00:00.000Z,Postal Service,43
364,9,2010-06-02T00:00:00.000Z,2010-06-14T00:00:00.000Z,JiffyEx,23
365,3,2010-06-02T00:00:00.000Z,2010-06-05T00:00:00.000Z,JiffyEx,11
366,19,2010-06-02T00:00:00.000Z,2010-06-10T00:00:00.000Z,JiffyEx,41
367,4,2010-06-03T00:00:00.000Z,2010-06-07T00:00:00.000Z,UDS,14
368,16,2010-06-03T00:00:00.000Z,2010-06-06T00:00:00.000Z,JiffyEx,36
369,1,2010-06-03T00:00:00.000Z,2010-06-08T00:00:00.000Z,JiffyEx,3
370,9,2010-06-03T00:00:00.000Z,2010-06-08T00:00:00.000Z,Postal Service,23
371,7,2010-06-04T00:00:00.000Z,2010-06-08T00:00:00.000Z,UDS,18
372,21,2010-06-05T00:00:00.000Z,2010-06-18T00:00:00.000Z,Postal Service,43
373,13,2010-06-05T00:00:00.000Z,2010-06-16T00:00:00.000Z,Postal Service,31
374,10,2010-06-06T00:00:00.000Z,2010-06-09T00:00:00.000Z,UDS,25
375,22,2010-06-06T00:00:00.000Z,2010-06-09T00:00:00.000Z,UDS,45
376,24,2010-06-08T00:00:00.000Z,2010-06-11T00:00:00.000Z,UDS,51
377,25,2010-06-08T00:00:00.000Z,2010-06-11T00:00:00.000Z,UDS,53
378,13,2010-06-08T00:00:00.000Z,2010-06-12T00:00:00.000Z,UDS,31
379,17,2010-06-09T00:00:00.000Z,2010-06-15T00:00:00.000Z,JiffyEx,20
380,2,2010-06-09T00:00:00.000Z,2010-06-13T00:00:00.000Z,UDS,9
381,22,2010-06-10T00:00:00.000Z,2010-06-13T00:00:00.000Z,UDS,45
382,17,2010-06-10T00:00:00.000Z,2010-06-13T00:00:00.000Z,JiffyEx,20
383,7,2010-06-10T00:00:00.000Z,2010-06-16T00:00:00.000Z,Postal Service,18
384,3,2010-06-10T00:00:00.000Z,2010-06-13T00:00:00.000Z,Postal Service,11
385,10,2010-06-11T00:00:00.000Z,2010-06-16T00:00:00.000Z,Postal Service,25
386,20,2010-06-11T00:00:00.000Z,2010-06-16T00:00:00.000Z,UDS,43
387,16,2010-06-11T00:00:00.000Z,2010-06-14T00:00:00.000Z,Postal Service,36
388,10,2010-06-12T00:00:00.000Z,2010-06-17T00:00:00.000Z,UDS,25
389,17,2010-06-12T00:00:00.000Z,2010-06-16T00:00:00.000Z,UDS,20
390,24,2010-06-13T00:00:00.000Z,2010-06-19T00:00:00.000Z,UDS,51
391,17,2010-06-14T00:00:00.000Z,2010-06-17T00:00:00.000Z,UDS,20
392,5,2010-06-14T00:00:00.000Z,2010-06-17T00:00:00.000Z,UDS,15
393,25,2010-06-14T00:00:00.000Z,2010-06-21T00:00:00.000Z,Postal Service,53
394,15,2010-06-15T00:00:00.000Z,2010-06-18T00:00:00.000Z,JiffyEx,34
395,13,2010-06-15T00:00:00.000Z,2010-06-21T00:00:00.000Z,JiffyEx,31
396,12,2010-06-16T00:00:00.000Z,2010-06-19T00:00:00.000Z,UDS,28
397,6,2010-06-16T00:00:00.000Z,2010-06-28T00:00:00.000Z,Postal Service,17
398,4,2010-06-17T00:00:00.000Z,2010-06-21T00:00:00.000Z,JiffyEx,14
399,11,2010-06-17T00:00:00.000Z,2010-06-20T00:00:00.000Z,UDS,26
400,11,2010-06-17T00:00:00.000Z,2010-06-20T00:00:00.000Z,Postal Service,26
401,8,2010-06-18T00:00:00.000Z,2010-06-21T00:00:00.000Z,Postal Service,20
402,21,2010-06-18T00:00:00.000Z,2010-06-21T00:00:00.000Z,JiffyEx,43
403,14,2010-06-18T00:00:00.000Z,2010-06-24T00:00:00.000Z,UDS,32
404,7,2010-06-19T00:00:00.000Z,2010-07-01T00:00:00.000Z,UDS,18
405,16,2010-06-19T00:00:00.000Z,2010-06-22T00:00:00.000Z,JiffyEx,36
406,12,2010-06-20T00:00:00.000Z,2010-06-25T00:00:00.000Z,UDS,28
407,24,2010-06-20T00:00:00.000Z,2010-06-24T00:00:00.000Z,UDS,51
408,23,2010-06-21T00:00:00.000Z,2010-06-24T00:00:00.000Z,UDS,46
409,2,2010-06-21T00:00:00.000Z,2010-06-27T00:00:00.000Z,Postal Service,9
410,12,2010-06-22T00:00:00.000Z,2010-06-30T00:00:00.000Z,UDS,28
411,9,2010-06-22T00:00:00.000Z,2010-06-26T00:00:00.000Z,JiffyEx,23
412,23,2010-06-22T00:00:00.000Z,2010-06-25T00:00:00.000Z,JiffyEx,46
413,25,2010-06-23T00:00:00.000Z,2010-07-02T00:00:00.000Z,UDS,53
414,17,2010-06-24T00:00:00.000Z,2010-06-29T00:00:00.000Z,JiffyEx,20
415,12,2010-06-24T00:00:00.000Z,2010-06-27T00:00:00.000Z,UDS,28
416,24,2010-06-25T00:00:00.000Z,2010-06-29T00:00:00.000Z,UDS,51
417,24,2010-06-26T00:00:00.000Z,2010-07-09T00:00:00.000Z,JiffyEx,51
418,10,2010-06-26T00:00:00.000Z,2010-06-29T00:00:00.000Z,JiffyEx,25
419,4,2010-06-27T00:00:00.000Z,2010-07-03T00:00:00.000Z,UDS,14
420,12,2010-06-27T00:00:00.000Z,2010-06-30T00:00:00.000Z,JiffyEx,28
421,21,2010-06-28T00:00:00.000Z,2010-07-01T00:00:00.000Z,Postal Service,43
422,24,2010-06-28T00:00:00.000Z,2010-07-02T00:00:00.000Z,Postal Service,51
423,5,2010-06-29T00:00:00.000Z,2010-07-02T00:00:00.000Z,Rodeway Express,15
424,18,2010-06-29T00:00:00.000Z,2010-07-12T00:00:00.000Z,JiffyEx,38
425,14,2010-06-29T00:00:00.000Z,2010-07-03T00:00:00.000Z,UDS,32
426,7,2010-06-30T00:00:00.000Z,2010-07-03T00:00:00.000Z,UDS,18
427,25,2010-06-30T00:00:00.000Z,2010-07-06T00:00:00.000Z,UDS,53
428,5,2010-06-30T00:00:00.000Z,2010-07-04T00:00:00.000Z,Postal Service,15
429,17,2010-07-01T00:00:00.000Z,2010-07-05T00:00:00.000Z,JiffyEx,20
430,24,2010-07-01T00:00:00.000Z,2010-07-07T00:00:00.000Z,Postal Service,51
431,16,2010-07-01T00:00:00.000Z,2010-07-14T00:00:00.000Z,Postal Service,36
432,14,2010-07-02T00:00:00.000Z,2010-07-08T00:00:00.000Z,JiffyEx,32
433,20,2010-07-02T00:00:00.000Z,2010-07-05T00:00:00.000Z,JiffyEx,43
434,2,2010-07-03T00:00:00.000Z,2010-07-09T00:00:00.000Z,UDS,9
435,24,2010-07-03T00:00:00.000Z,2010-07-07T00:00:00.000Z,UDS,51
436,20,2010-07-04T00:00:00.000Z,2010-07-12T00:00:00.000Z,JiffyEx,43
437,1,2010-07-04T00:00:00.000Z,2010-07-13T00:00:00.000Z,UDS,3
438,11,2010-07-04T00:00:00.000Z,2010-07-09T00:00:00.000Z,JiffyEx,26
439,11,2010-07-05T00:00:00.000Z,2010-07-08T00:00:00.000Z,JiffyEx,26
440,2,2010-07-05T00:00:00.000Z,2010-07-08T00:00:00.000Z,UDS,9
441,5,2010-07-06T00:00:00.000Z,2010-07-11T00:00:00.000Z,Postal Service,15
442,22,2010-07-06T00:00:00.000Z,2010-07-12T00:00:00.000Z,Postal Service,45
443,23,2010-07-06T00:00:00.000Z,2010-07-11T00:00:00.000Z,Postal Service,46
444,3,2010-07-07T00:00:00.000Z,2010-07-11T00:00:00.000Z,UDS,11
445,3,2010-07-07T00:00:00.000Z,2010-07-13T00:00:00.000Z,JiffyEx,11
446,23,2010-07-08T00:00:00.000Z,2010-07-12T00:00:00.000Z,UDS,46
447,3,2010-07-08T00:00:00.000Z,2010-07-11T00:00:00.000Z,UDS,11
448,5,2010-07-08T00:00:00.000Z,2010-07-11T00:00:00.000Z,UDS,15
449,2,2010-07-10T00:00:00.000Z,2010-07-15T00:00:00.000Z,Postal Service,9
450,8,2010-07-10T00:00:00.000Z,2010-07-13T00:00:00.000Z,UDS,20
451,9,2010-07-10T00:00:00.000Z,2010-07-16T00:00:00.000Z,UDS,23
452,12,2010-07-11T00:00:00.000Z,2010-07-15T00:00:00.000Z,Postal Service,28
453,7,2010-07-11T00:00:00.000Z,2010-07-15T00:00:00.000Z,UDS,18
454,12,2010-07-12T00:00:00.000Z,2010-07-17T00:00:00.000Z,UDS,28
455,25,2010-07-12T00:00:00.000Z,2010-07-18T00:00:00.000Z,UDS,53
456,21,2010-07-13T00:00:00.000Z,2010-07-16T00:00:00.000Z,JiffyEx,43
457,22,2010-07-13T00:00:00.000Z,2010-07-18T00:00:00.000Z,Postal Service,45
458,24,2010-07-13T00:00:00.000Z,2010-07-18T00:00:00.000Z,Postal Service,51
459,24,2010-07-14T00:00:00.000Z,2010-07-17T00:00:00.000Z,JiffyEx,51
460,20,2010-07-14T00:00:00.000Z,2010-07-17T00:00:00.000Z,UDS,43
461,5,2010-07-15T00:00:00.000Z,2010-07-18T00:00:00.000Z,JiffyEx,15
462,10,2010-07-15T00:00:00.000Z,2010-07-20T00:00:00.000Z,JiffyEx,25
463,15,2010-07-16T00:00:00.000Z,2010-07-25T00:00:00.000Z,Postal Service,34
464,16,2010-12-18T00:00:00.000Z,2010-12-27T00:00:00.000Z,Postal Service,36
465,7,2010-07-18T00:00:00.000Z,2010-07-21T00:00:00.000Z,JiffyEx,18
466,5,2010-07-19T00:00:00.000Z,2010-07-22T00:00:00.000Z,UDS,15
467,17,2010-12-20T00:00:00.000Z,2010-12-23T00:00:00.000Z,UDS,20
468,20,2010-07-20T00:00:00.000Z,2010-07-27T00:00:00.000Z,Postal Service,43
469,22,2010-07-20T00:00:00.000Z,2010-07-23T00:00:00.000Z,UDS,45
470,12,2010-07-22T00:00:00.000Z,2010-07-25T00:00:00.000Z,UDS,28
471,6,2010-12-22T00:00:00.000Z,2010-12-24T00:00:00.000Z,Postal Service,17
472,16,2010-07-22T00:00:00.000Z,2010-07-28T00:00:00.000Z,JiffyEx,36
473,21,2010-07-22T00:00:00.000Z,2010-07-26T00:00:00.000Z,JiffyEx,43
474,8,2010-07-23T00:00:00.000Z,2010-07-29T00:00:00.000Z,Postal Service,20
475,16,2010-07-23T00:00:00.000Z,2010-07-26T00:00:00.000Z,JiffyEx,36
476,14,2010-07-23T00:00:00.000Z,2010-07-30T00:00:00.000Z,JiffyEx,32
477,17,2010-11-24T00:00:00.000Z,2010-11-27T00:00:00.000Z,JiffyEx,20
478,19,2010-07-24T00:00:00.000Z,2010-07-29T00:00:00.000Z,UDS,41
479,23,2010-07-24T00:00:00.000Z,2010-07-27T00:00:00.000Z,UDS,46
480,9,2010-11-25T00:00:00.000Z,2010-12-02T00:00:00.000Z,UDS,23
481,16,2010-07-25T00:00:00.000Z,2010-08-02T00:00:00.000Z,Postal Service,36
482,1,2010-07-25T00:00:00.000Z,2010-08-05T00:00:00.000Z,UDS,3
483,15,2010-07-27T00:00:00.000Z,2010-07-30T00:00:00.000Z,UDS,34
484,15,2010-11-27T00:00:00.000Z,2010-12-01T00:00:00.000Z,JiffyEx,34
485,10,2010-07-27T00:00:00.000Z,2010-07-30T00:00:00.000Z,JiffyEx,25
486,17,2010-07-28T00:00:00.000Z,2010-08-03T00:00:00.000Z,UDS,20
487,10,2010-07-28T00:00:00.000Z,2010-07-31T00:00:00.000Z,UDS,25
488,9,2010-11-28T00:00:00.000Z,2010-12-02T00:00:00.000Z,Postal Service,23
489,24,2010-07-29T00:00:00.000Z,2010-08-07T00:00:00.000Z,JiffyEx,51
490,22,2010-07-29T00:00:00.000Z,2010-08-04T00:00:00.000Z,Postal Service,45
491,10,2010-07-30T00:00:00.000Z,2010-08-03T00:00:00.000Z,Postal Service,25
492,25,2010-07-30T00:00:00.000Z,2010-08-03T00:00:00.000Z,UDS,53
493,4,2010-07-31T00:00:00.000Z,2010-08-03T00:00:00.000Z,JiffyEx,14
494,17,2010-07-31T00:00:00.000Z,2010-08-05T00:00:00.000Z,UDS,20
495,3,2010-07-31T00:00:00.000Z,2010-08-03T00:00:00.000Z,JiffyEx,11
496,18,2010-08-01T00:00:00.000Z,2010-08-04T00:00:00.000Z,Postal Service,38
497,1,2010-08-02T00:00:00.000Z,2010-08-05T00:00:00.000Z,Rodeway Express,3
498,21,2010-08-02T00:00:00.000Z,2010-08-05T00:00:00.000Z,JiffyEx,43
499,16,2010-08-02T00:00:00.000Z,2010-08-07T00:00:00.000Z,Rodeway Express,36
500,10,2010-12-03T00:00:00.000Z,2010-12-06T00:00:00.000Z,Rodeway Express,25
501,3,2010-08-04T00:00:00.000Z,2010-08-07T00:00:00.000Z,Postal Service,11
502,6,2010-08-04T00:00:00.000Z,2010-08-07T00:00:00.000Z,UDS,17
503,10,2010-08-04T00:00:00.000Z,2010-08-07T00:00:00.000Z,Postal Service,25
504,9,2010-08-04T00:00:00.000Z,2010-08-07T00:00:00.000Z,JiffyEx,23
505,11,2010-08-05T00:00:00.000Z,2010-08-10T00:00:00.000Z,JiffyEx,26
506,4,2010-12-05T00:00:00.000Z,2010-12-08T00:00:00.000Z,UDS,14
507,6,2010-08-05T00:00:00.000Z,2010-08-18T00:00:00.000Z,JiffyEx,17
508,22,2010-08-06T00:00:00.000Z,2010-08-17T00:00:00.000Z,JiffyEx,45
509,15,2010-08-06T00:00:00.000Z,2010-08-10T00:00:00.000Z,Postal Service,34
510,25,2010-08-06T00:00:00.000Z,2010-08-09T00:00:00.000Z,Postal Service,53
511,18,2010-08-07T00:00:00.000Z,2010-08-12T00:00:00.000Z,UDS,38
512,9,2010-08-07T00:00:00.000Z,2010-08-10T00:00:00.000Z,UDS,23
513,7,2010-08-07T00:00:00.000Z,2010-08-11T00:00:00.000Z,Postal Service,18
514,15,2010-08-08T00:00:00.000Z,2010-08-14T00:00:00.000Z,JiffyEx,34
515,1,2010-08-08T00:00:00.000Z,2010-08-13T00:00:00.000Z,Postal Service,3
516,15,2010-08-09T00:00:00.000Z,2010-08-13T00:00:00.000Z,JiffyEx,34
517,19,2010-08-09T00:00:00.000Z,2010-08-14T00:00:00.000Z,Postal Service,41
518,3,2010-08-09T00:00:00.000Z,2010-08-12T00:00:00.000Z,JiffyEx,11
519,10,2010-08-09T00:00:00.000Z,2010-08-17T00:00:00.000Z,Postal Service,25
520,6,2010-08-10T00:00:00.000Z,2010-08-16T00:00:00.000Z,JiffyEx,17
521,7,2010-08-10T00:00:00.000Z,2010-08-13T00:00:00.000Z,UDS,18
522,2,2010-08-10T00:00:00.000Z,2010-08-15T00:00:00.000Z,UDS,9
523,2,2010-08-11T00:00:00.000Z,2010-08-14T00:00:00.000Z,UDS,9
524,2,2010-08-11T00:00:00.000Z,2010-08-17T00:00:00.000Z,Postal Service,9
525,2,2010-08-12T00:00:00.000Z,2010-08-15T00:00:00.000Z,UDS,9
526,17,2010-08-13T00:00:00.000Z,2010-08-16T00:00:00.000Z,JiffyEx,20
527,7,2010-08-13T00:00:00.000Z,2010-08-16T00:00:00.000Z,Postal Service,18
528,1,2010-08-15T00:00:00.000Z,2010-08-20T00:00:00.000Z,UDS,3
529,16,2010-08-15T00:00:00.000Z,2010-08-21T00:00:00.000Z,UDS,36
530,10,2010-08-15T00:00:00.000Z,2010-08-18T00:00:00.000Z,Rodeway Express,25
531,24,2010-08-15T00:00:00.000Z,2010-08-18T00:00:00.000Z,Rodeway Express,51
532,1,2010-08-16T00:00:00.000Z,2010-08-22T00:00:00.000Z,UDS,3
533,25,2010-08-16T00:00:00.000Z,2010-08-22T00:00:00.000Z,Postal Service,53
534,24,2010-08-17T00:00:00.000Z,2010-08-20T00:00:00.000Z,UDS,51
535,16,2010-08-17T00:00:00.000Z,2010-08-22T00:00:00.000Z,Postal Service,36
536,5,2010-08-17T00:00:00.000Z,2010-08-23T00:00:00.000Z,UDS,15
537,10,2010-08-18T00:00:00.000Z,2010-08-21T00:00:00.000Z,UDS,25
538,25,2010-08-19T00:00:00.000Z,2010-08-29T00:00:00.000Z,JiffyEx,53
539,5,2010-08-20T00:00:00.000Z,2010-08-26T00:00:00.000Z,JiffyEx,15
540,3,2010-08-20T00:00:00.000Z,2010-08-25T00:00:00.000Z,Postal Service,11
541,18,2010-08-20T00:00:00.000Z,2010-08-25T00:00:00.000Z,UDS,38
542,1,2010-08-21T00:00:00.000Z,2010-08-24T00:00:00.000Z,UDS,3
543,18,2010-08-21T00:00:00.000Z,2010-08-26T00:00:00.000Z,Rodeway Express,38
544,2,2010-08-21T00:00:00.000Z,2010-08-24T00:00:00.000Z,UDS,9
545,6,2010-08-22T00:00:00.000Z,2010-08-25T00:00:00.000Z,UDS,17
546,10,2010-08-22T00:00:00.000Z,2010-08-25T00:00:00.000Z,JiffyEx,25
547,7,2010-08-22T00:00:00.000Z,2010-08-27T00:00:00.000Z,Postal Service,18
548,13,2010-08-22T00:00:00.000Z,2010-08-30T00:00:00.000Z,UDS,31
549,5,2010-08-23T00:00:00.000Z,2010-08-29T00:00:00.000Z,UDS,15
550,8,2010-08-23T00:00:00.000Z,2010-08-27T00:00:00.000Z,Postal Service,20
551,22,2010-08-24T00:00:00.000Z,2010-08-27T00:00:00.000Z,Postal Service,45
552,10,2010-08-24T00:00:00.000Z,2010-08-29T00:00:00.000Z,UDS,25
553,1,2010-08-24T00:00:00.000Z,2010-08-27T00:00:00.000Z,JiffyEx,3
554,4,2010-08-25T00:00:00.000Z,2010-08-28T00:00:00.000Z,UDS,14
555,3,2010-08-25T00:00:00.000Z,2010-08-28T00:00:00.000Z,UDS,11
556,8,2010-08-25T00:00:00.000Z,2010-08-29T00:00:00.000Z,JiffyEx,20
557,4,2010-08-26T00:00:00.000Z,2010-08-29T00:00:00.000Z,UDS,14
558,25,2010-08-26T00:00:00.000Z,2010-08-31T00:00:00.000Z,UDS,53
559,9,2010-08-26T00:00:00.000Z,2010-08-29T00:00:00.000Z,UDS,23
560,12,2010-08-27T00:00:00.000Z,2010-08-31T00:00:00.000Z,Postal Service,28
561,18,2010-08-27T00:00:00.000Z,2010-09-01T00:00:00.000Z,UDS,38
562,25,2010-08-27T00:00:00.000Z,2010-09-02T00:00:00.000Z,JiffyEx,53
563,22,2010-08-28T00:00:00.000Z,2010-09-03T00:00:00.000Z,Postal Service,45
564,5,2010-08-28T00:00:00.000Z,2010-08-31T00:00:00.000Z,UDS,15
565,5,2010-08-30T00:00:00.000Z,2010-09-03T00:00:00.000Z,UDS,15
566,20,2010-08-30T00:00:00.000Z,2010-09-04T00:00:00.000Z,JiffyEx,43
567,22,2010-08-30T00:00:00.000Z,2010-09-05T00:00:00.000Z,UDS,45
568,19,2010-08-30T00:00:00.000Z,2010-09-04T00:00:00.000Z,UDS,41
569,9,2010-08-31T00:00:00.000Z,2010-09-12T00:00:00.000Z,JiffyEx,23
570,14,2010-09-01T00:00:00.000Z,2010-09-04T00:00:00.000Z,Postal Service,32
571,20,2010-09-01T00:00:00.000Z,2010-09-04T00:00:00.000Z,Postal Service,43
572,25,2010-09-01T00:00:00.000Z,2010-09-09T00:00:00.000Z,UDS,53
573,10,2010-09-02T00:00:00.000Z,2010-09-08T00:00:00.000Z,JiffyEx,25
574,2,2010-09-02T00:00:00.000Z,2010-09-07T00:00:00.000Z,UDS,9
575,14,2010-09-03T00:00:00.000Z,2010-09-10T00:00:00.000Z,UDS,32
576,15,2010-09-03T00:00:00.000Z,2010-09-06T00:00:00.000Z,UDS,34
577,16,2010-09-04T00:00:00.000Z,2010-09-09T00:00:00.000Z,JiffyEx,36
578,22,2010-09-04T00:00:00.000Z,2010-09-07T00:00:00.000Z,UDS,45
579,19,2010-09-04T00:00:00.000Z,2010-09-16T00:00:00.000Z,JiffyEx,41
580,3,2010-09-04T00:00:00.000Z,2010-09-10T00:00:00.000Z,JiffyEx,11
581,15,2010-09-05T00:00:00.000Z,2010-09-13T00:00:00.000Z,JiffyEx,34
582,10,2010-09-05T00:00:00.000Z,2010-09-12T00:00:00.000Z,UDS,25
583,18,2010-09-05T00:00:00.000Z,2010-09-10T00:00:00.000Z,Rodeway Express,38
584,14,2010-09-07T00:00:00.000Z,2010-09-10T00:00:00.000Z,Postal Service,32
585,16,2010-09-07T00:00:00.000Z,2010-09-10T00:00:00.000Z,Postal Service,36
586,24,2010-09-07T00:00:00.000Z,2010-09-12T00:00:00.000Z,Rodeway Express,51
587,6,2010-09-08T00:00:00.000Z,2010-09-12T00:00:00.000Z,UDS,17
588,4,2010-09-08T00:00:00.000Z,2010-09-11T00:00:00.000Z,JiffyEx,14
589,12,2010-09-08T00:00:00.000Z,2010-09-11T00:00:00.000Z,Postal Service,28
590,5,2010-09-09T00:00:00.000Z,2010-09-12T00:00:00.000Z,UDS,15
591,4,2010-09-09T00:00:00.000Z,2010-09-12T00:00:00.000Z,UDS,14
592,15,2010-09-09T00:00:00.000Z,2010-09-22T00:00:00.000Z,UDS,34
593,14,2010-09-11T00:00:00.000Z,2010-09-17T00:00:00.000Z,JiffyEx,32
594,18,2010-09-11T00:00:00.000Z,2010-09-16T00:00:00.000Z,JiffyEx,38
595,5,2010-09-11T00:00:00.000Z,2010-09-17T00:00:00.000Z,JiffyEx,15
596,11,2010-09-12T00:00:00.000Z,2010-09-17T00:00:00.000Z,UDS,26
597,3,2010-09-13T00:00:00.000Z,2010-09-19T00:00:00.000Z,JiffyEx,11
598,24,2010-09-13T00:00:00.000Z,2010-09-18T00:00:00.000Z,Postal Service,51
599,11,2010-09-13T00:00:00.000Z,2010-09-16T00:00:00.000Z,UDS,26
600,4,2010-09-14T00:00:00.000Z,2010-09-27T00:00:00.000Z,UDS,14
601,2,2010-09-14T00:00:00.000Z,2010-09-23T00:00:00.000Z,Rodeway Express,9
602,23,2010-09-14T00:00:00.000Z,2010-09-17T00:00:00.000Z,UDS,46
603,23,2010-09-15T00:00:00.000Z,2010-09-21T00:00:00.000Z,UDS,46
604,11,2010-09-15T00:00:00.000Z,2010-09-18T00:00:00.000Z,UDS,26
605,13,2010-09-15T00:00:00.000Z,2010-09-18T00:00:00.000Z,UDS,31
606,1,2010-09-16T00:00:00.000Z,2010-09-19T00:00:00.000Z,JiffyEx,3
607,5,2010-09-16T00:00:00.000Z,2010-09-19T00:00:00.000Z,UDS,15
608,22,2010-09-17T00:00:00.000Z,2010-09-22T00:00:00.000Z,JiffyEx,45
609,19,2010-09-17T00:00:00.000Z,2010-09-28T00:00:00.000Z,JiffyEx,41
610,24,2010-09-17T00:00:00.000Z,2010-09-26T00:00:00.000Z,UDS,51
611,11,2010-09-18T00:00:00.000Z,2010-09-22T00:00:00.000Z,UDS,26
612,24,2010-09-19T00:00:00.000Z,2010-09-22T00:00:00.000Z,JiffyEx,51
613,19,2010-09-19T00:00:00.000Z,2010-09-25T00:00:00.000Z,JiffyEx,41
614,13,2010-09-19T00:00:00.000Z,2010-10-02T00:00:00.000Z,JiffyEx,31
615,11,2010-09-19T00:00:00.000Z,2010-09-24T00:00:00.000Z,UDS,26
616,13,2010-09-20T00:00:00.000Z,2010-09-25T00:00:00.000Z,JiffyEx,31
617,17,2010-09-20T00:00:00.000Z,2010-09-25T00:00:00.000Z,JiffyEx,20
618,15,2010-09-21T00:00:00.000Z,2010-09-27T00:00:00.000Z,UDS,34
619,9,2010-09-21T00:00:00.000Z,2010-09-30T00:00:00.000Z,UDS,23
620,12,2010-09-22T00:00:00.000Z,2010-09-28T00:00:00.000Z,Postal Service,28
621,21,2010-09-23T00:00:00.000Z,2010-09-27T00:00:00.000Z,Postal Service,43
622,25,2010-09-23T00:00:00.000Z,2010-09-26T00:00:00.000Z,UDS,53
623,17,2010-09-24T00:00:00.000Z,2010-10-03T00:00:00.000Z,JiffyEx,20
624,18,2010-09-26T00:00:00.000Z,2010-10-08T00:00:00.000Z,Postal Service,38
625,22,2010-09-26T00:00:00.000Z,2010-10-04T00:00:00.000Z,UDS,45
626,12,2010-09-26T00:00:00.000Z,2010-10-04T00:00:00.000Z,JiffyEx,28
627,1,2010-09-27T00:00:00.000Z,2010-10-03T00:00:00.000Z,UDS,3
628,1,2010-09-27T00:00:00.000Z,2010-09-30T00:00:00.000Z,JiffyEx,3
629,19,2010-09-27T00:00:00.000Z,2010-09-30T00:00:00.000Z,UDS,41
630,13,2010-09-28T00:00:00.000Z,2010-10-01T00:00:00.000Z,UDS,31
631,3,2010-09-29T00:00:00.000Z,2010-10-04T00:00:00.000Z,Postal Service,11
632,25,2010-09-30T00:00:00.000Z,2010-10-05T00:00:00.000Z,JiffyEx,53
633,4,2010-09-30T00:00:00.000Z,2010-10-03T00:00:00.000Z,UDS,14
634,20,2010-10-01T00:00:00.000Z,2010-10-09T00:00:00.000Z,JiffyEx,43
635,7,2010-10-01T00:00:00.000Z,2010-10-04T00:00:00.000Z,Postal Service,18
636,2,2010-10-01T00:00:00.000Z,2010-10-04T00:00:00.000Z,JiffyEx,9
637,6,2010-10-01T00:00:00.000Z,2010-10-04T00:00:00.000Z,UDS,17
638,19,2010-10-02T00:00:00.000Z,2010-10-06T00:00:00.000Z,Rodeway Express,41
639,17,2010-10-03T00:00:00.000Z,2010-10-06T00:00:00.000Z,UDS,21
640,21,2010-10-04T00:00:00.000Z,2010-10-08T00:00:00.000Z,UDS,43
641,23,2010-10-04T00:00:00.000Z,2010-10-07T00:00:00.000Z,JiffyEx,47
642,21,2010-10-04T00:00:00.000Z,2010-10-07T00:00:00.000Z,Postal Service,43
643,22,2010-10-04T00:00:00.000Z,2010-10-08T00:00:00.000Z,UDS,45
644,20,2010-10-05T00:00:00.000Z,2010-10-14T00:00:00.000Z,JiffyEx,43
645,13,2010-10-05T00:00:00.000Z,2010-10-10T00:00:00.000Z,UDS,31
646,18,2010-10-05T00:00:00.000Z,2010-10-08T00:00:00.000Z,JiffyEx,38
647,3,2010-10-05T00:00:00.000Z,2010-10-08T00:00:00.000Z,Postal Service,12
648,23,2010-10-06T00:00:00.000Z,2010-10-09T00:00:00.000Z,UDS,47
649,15,2010-10-06T00:00:00.000Z,2010-10-09T00:00:00.000Z,JiffyEx,34
650,18,2010-10-07T00:00:00.000Z,2010-10-10T00:00:00.000Z,Rodeway Express,38
651,11,2010-10-07T00:00:00.000Z,2010-10-10T00:00:00.000Z,UDS,26
652,12,2010-10-08T00:00:00.000Z,2010-10-20T00:00:00.000Z,JiffyEx,28
653,2,2010-10-08T00:00:00.000Z,2010-10-14T00:00:00.000Z,JiffyEx,9
654,11,2010-10-08T00:00:00.000Z,2010-10-11T00:00:00.000Z,JiffyEx,26
655,23,2010-10-08T00:00:00.000Z,2010-10-14T00:00:00.000Z,UDS,47
656,16,2010-10-09T00:00:00.000Z,2010-10-14T00:00:00.000Z,Postal Service,36
657,3,2010-10-09T00:00:00.000Z,2010-10-15T00:00:00.000Z,Postal Service,12
658,20,2010-10-09T00:00:00.000Z,2010-10-14T00:00:00.000Z,UDS,43
659,20,2010-10-10T00:00:00.000Z,2010-10-16T00:00:00.000Z,UDS,43
660,21,2010-10-11T00:00:00.000Z,2010-10-14T00:00:00.000Z,UDS,43
661,5,2010-10-11T00:00:00.000Z,2010-10-14T00:00:00.000Z,JiffyEx,15
662,14,2010-10-11T00:00:00.000Z,2010-10-16T00:00:00.000Z,Postal Service,32
663,25,2010-10-11T00:00:00.000Z,2010-10-15T00:00:00.000Z,Postal Service,54
664,9,2010-10-12T00:00:00.000Z,2010-10-17T00:00:00.000Z,JiffyEx,23
665,13,2010-10-12T00:00:00.000Z,2010-10-16T00:00:00.000Z,UDS,31
666,15,2010-10-13T00:00:00.000Z,2010-10-16T00:00:00.000Z,JiffyEx,34
667,10,2010-10-13T00:00:00.000Z,2010-10-22T00:00:00.000Z,UDS,25
668,16,2010-10-13T00:00:00.000Z,2010-10-17T00:00:00.000Z,UDS,36
669,13,2010-10-13T00:00:00.000Z,2010-10-18T00:00:00.000Z,UDS,31
670,20,2010-10-14T00:00:00.000Z,2010-10-17T00:00:00.000Z,UDS,43
671,10,2010-10-14T00:00:00.000Z,2010-10-17T00:00:00.000Z,UDS,25
672,11,2010-10-14T00:00:00.000Z,2010-10-17T00:00:00.000Z,JiffyEx,26
673,1,2010-10-15T00:00:00.000Z,2010-10-19T00:00:00.000Z,JiffyEx,3
674,5,2010-10-15T00:00:00.000Z,2010-10-18T00:00:00.000Z,UDS,15
675,1,2010-10-15T00:00:00.000Z,2010-10-19T00:00:00.000Z,JiffyEx,3
676,8,2010-10-16T00:00:00.000Z,2010-10-21T00:00:00.000Z,JiffyEx,21
677,10,2010-10-16T00:00:00.000Z,2010-10-19T00:00:00.000Z,JiffyEx,25
678,8,2010-10-17T00:00:00.000Z,2010-10-23T00:00:00.000Z,Postal Service,21
679,14,2010-10-17T00:00:00.000Z,2010-10-20T00:00:00.000Z,Postal Service,32
680,23,2010-10-18T00:00:00.000Z,2010-10-26T00:00:00.000Z,UDS,47
681,21,2010-10-18T00:00:00.000Z,2010-10-25T00:00:00.000Z,UDS,43
682,6,2010-10-20T00:00:00.000Z,2010-10-24T00:00:00.000Z,UDS,17
683,23,2010-10-21T00:00:00.000Z,2010-10-27T00:00:00.000Z,Postal Service,47
684,3,2010-10-21T00:00:00.000Z,2010-10-24T00:00:00.000Z,Postal Service,12
685,17,2010-10-21T00:00:00.000Z,2010-11-03T00:00:00.000Z,UDS,21
686,18,2010-10-22T00:00:00.000Z,2010-10-25T00:00:00.000Z,JiffyEx,38
687,10,2010-10-22T00:00:00.000Z,2010-10-30T00:00:00.000Z,Postal Service,25
688,3,2010-10-22T00:00:00.000Z,2010-10-25T00:00:00.000Z,UDS,12
689,24,2010-10-23T00:00:00.000Z,2010-10-26T00:00:00.000Z,JiffyEx,51
690,4,2010-10-23T00:00:00.000Z,2010-10-26T00:00:00.000Z,Postal Service,14
691,5,2010-10-23T00:00:00.000Z,2010-10-28T00:00:00.000Z,UDS,15
692,19,2010-10-24T00:00:00.000Z,2010-10-28T00:00:00.000Z,UDS,41
693,11,2010-10-24T00:00:00.000Z,2010-10-27T00:00:00.000Z,UDS,26
694,4,2010-10-25T00:00:00.000Z,2010-10-31T00:00:00.000Z,JiffyEx,14
695,2,2010-10-25T00:00:00.000Z,2010-11-03T00:00:00.000Z,JiffyEx,9
696,10,2010-10-26T00:00:00.000Z,2010-10-29T00:00:00.000Z,JiffyEx,25
697,5,2010-10-26T00:00:00.000Z,2010-10-31T00:00:00.000Z,UDS,15
698,13,2010-10-26T00:00:00.000Z,2010-11-01T00:00:00.000Z,JiffyEx,31
699,14,2010-10-27T00:00:00.000Z,2010-11-02T00:00:00.000Z,UDS,32
700,4,2010-10-27T00:00:00.000Z,2010-10-30T00:00:00.000Z,JiffyEx,14
701,14,2010-10-27T00:00:00.000Z,2010-10-30T00:00:00.000Z,UDS,32
702,24,2010-10-28T00:00:00.000Z,2010-11-03T00:00:00.000Z,UDS,51
703,8,2010-10-28T00:00:00.000Z,2010-11-01T00:00:00.000Z,JiffyEx,21
704,24,2010-10-29T00:00:00.000Z,2010-11-01T00:00:00.000Z,UDS,51
705,12,2010-10-29T00:00:00.000Z,2010-11-01T00:00:00.000Z,Postal Service,28
706,22,2010-10-29T00:00:00.000Z,2010-11-06T00:00:00.000Z,JiffyEx,45
707,5,2010-10-30T00:00:00.000Z,2010-11-06T00:00:00.000Z,JiffyEx,15
708,9,2010-10-31T00:00:00.000Z,2010-11-03T00:00:00.000Z,UDS,23
709,23,2010-10-31T00:00:00.000Z,2010-11-03T00:00:00.000Z,UDS,47
710,14,2010-10-31T00:00:00.000Z,2010-11-12T00:00:00.000Z,Rodeway Express,32
711,1,2010-11-01T00:00:00.000Z,2010-11-09T00:00:00.000Z,UDS,3
712,15,2010-11-02T00:00:00.000Z,2010-11-05T00:00:00.000Z,JiffyEx,34
713,4,2010-11-02T00:00:00.000Z,2010-11-05T00:00:00.000Z,UDS,14
714,4,2010-11-03T00:00:00.000Z,2010-11-13T00:00:00.000Z,Postal Service,14
715,23,2010-11-03T00:00:00.000Z,2010-11-10T00:00:00.000Z,UDS,47
716,18,2010-11-04T00:00:00.000Z,2010-11-07T00:00:00.000Z,UDS,38
717,11,2010-11-04T00:00:00.000Z,2010-11-07T00:00:00.000Z,UDS,26
718,17,2010-11-05T00:00:00.000Z,2010-11-08T00:00:00.000Z,Postal Service,21
719,15,2010-11-06T00:00:00.000Z,2010-11-09T00:00:00.000Z,JiffyEx,34
720,6,2010-11-06T00:00:00.000Z,2010-11-09T00:00:00.000Z,UDS,17
721,2,2010-11-07T00:00:00.000Z,2010-11-11T00:00:00.000Z,UDS,9
722,3,2010-11-07T00:00:00.000Z,2010-11-10T00:00:00.000Z,Postal Service,12
723,13,2010-11-07T00:00:00.000Z,2010-11-10T00:00:00.000Z,UDS,31
724,1,2010-11-09T00:00:00.000Z,2010-11-12T00:00:00.000Z,Postal Service,3
725,9,2010-11-09T00:00:00.000Z,2010-11-14T00:00:00.000Z,UDS,23
726,23,2010-11-10T00:00:00.000Z,2010-11-13T00:00:00.000Z,UDS,47
727,19,2010-11-10T00:00:00.000Z,2010-11-14T00:00:00.000Z,JiffyEx,41
728,1,2010-11-11T00:00:00.000Z,2010-11-14T00:00:00.000Z,Postal Service,3
729,3,2010-11-11T00:00:00.000Z,2010-11-15T00:00:00.000Z,JiffyEx,12
730,17,2010-11-11T00:00:00.000Z,2010-11-21T00:00:00.000Z,JiffyEx,21
731,23,2010-11-12T00:00:00.000Z,2010-11-15T00:00:00.000Z,UDS,47
732,23,2010-11-12T00:00:00.000Z,2010-11-18T00:00:00.000Z,UDS,47
733,17,2010-11-12T00:00:00.000Z,2010-11-15T00:00:00.000Z,JiffyEx,21
734,19,2010-11-13T00:00:00.000Z,2010-11-17T00:00:00.000Z,UDS,41
735,18,2010-11-13T00:00:00.000Z,2010-11-17T00:00:00.000Z,Rodeway Express,38
736,13,2010-11-13T00:00:00.000Z,2010-11-16T00:00:00.000Z,JiffyEx,31
737,5,2010-11-14T00:00:00.000Z,2010-11-17T00:00:00.000Z,Rodeway Express,15
738,9,2010-11-14T00:00:00.000Z,2010-11-17T00:00:00.000Z,UDS,23
739,5,2010-11-14T00:00:00.000Z,2010-11-17T00:00:00.000Z,Postal Service,15
740,19,2010-11-15T00:00:00.000Z,2010-11-20T00:00:00.000Z,UDS,41
741,4,2010-11-15T00:00:00.000Z,2010-11-21T00:00:00.000Z,JiffyEx,14
742,20,2010-11-16T00:00:00.000Z,2010-11-19T00:00:00.000Z,UDS,43
743,6,2010-11-16T00:00:00.000Z,2010-11-19T00:00:00.000Z,UDS,17
744,24,2010-11-16T00:00:00.000Z,2010-11-19T00:00:00.000Z,JiffyEx,51
745,2,2010-11-17T00:00:00.000Z,2010-11-22T00:00:00.000Z,UDS,9
746,24,2010-11-17T00:00:00.000Z,2010-11-20T00:00:00.000Z,Postal Service,51
747,25,2010-11-17T00:00:00.000Z,2010-11-21T00:00:00.000Z,UDS,54
748,4,2010-11-18T00:00:00.000Z,2010-11-26T00:00:00.000Z,Postal Service,14
749,21,2010-11-18T00:00:00.000Z,2010-11-22T00:00:00.000Z,Postal Service,43
750,9,2010-11-18T00:00:00.000Z,2010-11-21T00:00:00.000Z,JiffyEx,23
751,16,2010-11-19T00:00:00.000Z,2010-11-23T00:00:00.000Z,UDS,36
752,16,2010-11-19T00:00:00.000Z,2010-11-26T00:00:00.000Z,JiffyEx,36
753,14,2010-11-19T00:00:00.000Z,2010-11-24T00:00:00.000Z,JiffyEx,32
754,14,2010-11-19T00:00:00.000Z,2010-11-24T00:00:00.000Z,UDS,32
755,9,2010-11-20T00:00:00.000Z,2010-11-26T00:00:00.000Z,Postal Service,23
756,9,2010-11-20T00:00:00.000Z,2010-11-23T00:00:00.000Z,Postal Service,23
757,18,2010-11-20T00:00:00.000Z,2010-11-23T00:00:00.000Z,UDS,38
758,16,2010-11-21T00:00:00.000Z,2010-11-27T00:00:00.000Z,UDS,36
759,10,2010-11-21T00:00:00.000Z,2010-11-26T00:00:00.000Z,JiffyEx,25
760,2,2010-11-21T00:00:00.000Z,2010-11-24T00:00:00.000Z,JiffyEx,9
761,16,2010-11-22T00:00:00.000Z,2010-11-28T00:00:00.000Z,UDS,36
762,6,2010-11-22T00:00:00.000Z,2010-11-27T00:00:00.000Z,UDS,17
763,15,2010-11-22T00:00:00.000Z,2010-11-27T00:00:00.000Z,UDS,34
764,12,2010-11-23T00:00:00.000Z,2010-11-26T00:00:00.000Z,UDS,29
765,13,2010-11-23T00:00:00.000Z,2010-11-26T00:00:00.000Z,Postal Service,31
766,20,2010-11-23T00:00:00.000Z,2010-11-26T00:00:00.000Z,Rodeway Express,43
767,22,2010-11-23T00:00:00.000Z,2010-11-28T00:00:00.000Z,UDS,45
768,7,2010-11-24T00:00:00.000Z,2010-11-30T00:00:00.000Z,UDS,18
769,24,2010-11-24T00:00:00.000Z,2010-11-30T00:00:00.000Z,UDS,51
770,22,2010-11-24T00:00:00.000Z,2010-11-30T00:00:00.000Z,UDS,45
771,10,2010-11-24T00:00:00.000Z,2010-11-27T00:00:00.000Z,UDS,25
772,13,2010-11-25T00:00:00.000Z,2010-11-30T00:00:00.000Z,UDS,31
773,18,2010-11-25T00:00:00.000Z,2010-11-28T00:00:00.000Z,Postal Service,38
774,24,2010-11-25T00:00:00.000Z,2010-11-29T00:00:00.000Z,JiffyEx,51
775,24,2010-11-25T00:00:00.000Z,2010-11-30T00:00:00.000Z,JiffyEx,51
776,8,2010-11-26T00:00:00.000Z,2010-11-29T00:00:00.000Z,UDS,21
777,1,2010-11-27T00:00:00.000Z,2010-11-30T00:00:00.000Z,Postal Service,3
778,9,2010-11-27T00:00:00.000Z,2010-11-30T00:00:00.000Z,Postal Service,23
779,23,2010-11-28T00:00:00.000Z,2010-12-03T00:00:00.000Z,Postal Service,47
780,14,2010-11-28T00:00:00.000Z,2010-12-05T00:00:00.000Z,Postal Service,32
781,24,2010-11-28T00:00:00.000Z,2010-12-03T00:00:00.000Z,UDS,51
782,19,2010-11-29T00:00:00.000Z,2010-12-02T00:00:00.000Z,JiffyEx,41
783,22,2010-11-29T00:00:00.000Z,2010-12-04T00:00:00.000Z,UDS,45
784,20,2010-11-29T00:00:00.000Z,2010-12-05T00:00:00.000Z,UDS,43
785,19,2010-11-29T00:00:00.000Z,2010-12-02T00:00:00.000Z,JiffyEx,41
786,24,2010-11-30T00:00:00.000Z,2010-12-03T00:00:00.000Z,Postal Service,51
787,7,2010-11-30T00:00:00.000Z,2010-12-03T00:00:00.000Z,JiffyEx,18
788,6,2010-12-01T00:00:00.000Z,2010-12-05T00:00:00.000Z,UDS,17
789,20,2010-12-02T00:00:00.000Z,2010-12-05T00:00:00.000Z,UDS,43
790,14,2010-12-02T00:00:00.000Z,2010-12-05T00:00:00.000Z,UDS,32
791,18,2010-12-03T00:00:00.000Z,2010-12-16T00:00:00.000Z,UDS,38
792,18,2010-12-03T00:00:00.000Z,2010-12-07T00:00:00.000Z,UDS,38
793,17,2010-12-03T00:00:00.000Z,2010-12-06T00:00:00.000Z,JiffyEx,21
794,7,2010-12-04T00:00:00.000Z,2010-12-11T00:00:00.000Z,UDS,18
795,6,2010-12-04T00:00:00.000Z,2010-12-11T00:00:00.000Z,UDS,17
796,25,2010-12-04T00:00:00.000Z,2010-12-07T00:00:00.000Z,UDS,54
797,19,2010-12-04T00:00:00.000Z,2010-12-07T00:00:00.000Z,UDS,41
798,17,2010-12-05T00:00:00.000Z,2010-12-08T00:00:00.000Z,JiffyEx,21
799,23,2010-12-05T00:00:00.000Z,2010-12-14T00:00:00.000Z,JiffyEx,47
800,1,2010-12-05T00:00:00.000Z,2010-12-09T00:00:00.000Z,Postal Service,3
801,1,2010-12-05T00:00:00.000Z,2010-12-16T00:00:00.000Z,UDS,3
802,8,2010-12-06T00:00:00.000Z,2010-12-11T00:00:00.000Z,UDS,21
803,21,2010-12-06T00:00:00.000Z,2010-12-11T00:00:00.000Z,UDS,43
804,8,2010-12-06T00:00:00.000Z,2010-12-12T00:00:00.000Z,JiffyEx,21
805,9,2010-12-07T00:00:00.000Z,2010-12-20T00:00:00.000Z,UDS,23
806,24,2010-12-08T00:00:00.000Z,2010-12-12T00:00:00.000Z,JiffyEx,51
807,14,2010-12-08T00:00:00.000Z,2010-12-19T00:00:00.000Z,JiffyEx,32
808,20,2010-12-08T00:00:00.000Z,2010-12-12T00:00:00.000Z,JiffyEx,43
809,2,2010-12-08T00:00:00.000Z,2010-12-11T00:00:00.000Z,JiffyEx,9
810,10,2010-12-09T00:00:00.000Z,2010-12-15T00:00:00.000Z,JiffyEx,25
811,20,2010-12-10T00:00:00.000Z,2010-12-13T00:00:00.000Z,UDS,43
812,5,2010-12-10T00:00:00.000Z,2010-12-13T00:00:00.000Z,UDS,15
813,21,2010-12-11T00:00:00.000Z,2010-12-14T00:00:00.000Z,JiffyEx,43
814,12,2010-12-11T00:00:00.000Z,2010-12-16T00:00:00.000Z,UDS,29
815,15,2010-12-12T00:00:00.000Z,2010-12-16T00:00:00.000Z,JiffyEx,34
816,1,2010-12-12T00:00:00.000Z,2010-12-16T00:00:00.000Z,UDS,3
817,7,2010-12-12T00:00:00.000Z,2010-12-17T00:00:00.000Z,JiffyEx,18
818,11,2010-12-13T00:00:00.000Z,2010-12-18T00:00:00.000Z,Postal Service,26
819,15,2010-12-14T00:00:00.000Z,2010-12-20T00:00:00.000Z,JiffyEx,34
820,9,2010-12-14T00:00:00.000Z,2010-12-18T00:00:00.000Z,Postal Service,23
821,12,2010-12-14T00:00:00.000Z,2010-12-25T00:00:00.000Z,UDS,29
822,9,2010-12-15T00:00:00.000Z,2010-12-19T00:00:00.000Z,UDS,23
823,6,2010-12-15T00:00:00.000Z,2010-12-20T00:00:00.000Z,UDS,17
824,3,2010-12-15T00:00:00.000Z,2010-12-19T00:00:00.000Z,Postal Service,12
825,2,2010-12-16T00:00:00.000Z,2010-12-20T00:00:00.000Z,UDS,9
826,13,2010-12-16T00:00:00.000Z,2010-12-19T00:00:00.000Z,Postal Service,31
827,12,2010-12-16T00:00:00.000Z,2010-12-19T00:00:00.000Z,JiffyEx,29
828,12,2010-12-17T00:00:00.000Z,2010-12-22T00:00:00.000Z,UDS,29
829,17,2010-12-17T00:00:00.000Z,2010-12-29T00:00:00.000Z,UDS,21
830,8,2010-12-17T00:00:00.000Z,2010-12-20T00:00:00.000Z,Postal Service,21
831,10,2010-12-18T00:00:00.000Z,2010-12-22T00:00:00.000Z,Postal Service,25
832,22,2010-12-19T00:00:00.000Z,2010-12-22T00:00:00.000Z,JiffyEx,45
833,13,2010-12-19T00:00:00.000Z,2010-12-23T00:00:00.000Z,UDS,31
834,1,2010-12-20T00:00:00.000Z,2010-12-26T00:00:00.000Z,Rodeway Express,3
835,13,2010-12-20T00:00:00.000Z,2011-01-02T00:00:00.000Z,Postal Service,31
836,16,2010-12-20T00:00:00.000Z,2010-12-28T00:00:00.000Z,JiffyEx,36
837,8,2010-12-20T00:00:00.000Z,2010-12-24T00:00:00.000Z,JiffyEx,21
838,18,2010-12-21T00:00:00.000Z,2010-12-30T00:00:00.000Z,JiffyEx,38
839,15,2010-12-21T00:00:00.000Z,2010-12-24T00:00:00.000Z,Postal Service,34
840,24,2010-12-21T00:00:00.000Z,2010-12-25T00:00:00.000Z,JiffyEx,51
841,3,2010-12-22T00:00:00.000Z,2010-12-25T00:00:00.000Z,Postal Service,12
842,15,2010-12-22T00:00:00.000Z,2010-12-31T00:00:00.000Z,UDS,34
843,6,2010-12-23T00:00:00.000Z,2010-12-29T00:00:00.000Z,UDS,17
844,8,2010-12-23T00:00:00.000Z,2010-12-26T00:00:00.000Z,UDS,21
845,19,2010-12-24T00:00:00.000Z,2010-12-27T00:00:00.000Z,UDS,41
846,13,2010-12-24T00:00:00.000Z,2010-12-28T00:00:00.000Z,UDS,31
847,11,2010-12-24T00:00:00.000Z,2010-12-27T00:00:00.000Z,Postal Service,26
848,11,2010-12-25T00:00:00.000Z,2010-12-29T00:00:00.000Z,Postal Service,26
849,1,2010-12-25T00:00:00.000Z,2010-12-28T00:00:00.000Z,UDS,3
850,3,2010-12-26T00:00:00.000Z,2010-12-29T00:00:00.000Z,UDS,12
851,1,2010-12-26T00:00:00.000Z,2010-12-31T00:00:00.000Z,JiffyEx,3
852,25,2010-12-26T00:00:00.000Z,2010-12-29T00:00:00.000Z,UDS,54
853,2,2010-12-27T00:00:00.000Z,2011-01-02T00:00:00.000Z,UDS,9
854,5,2010-12-28T00:00:00.000Z,2011-01-10T00:00:00.000Z,Postal Service,15
855,12,2010-12-28T00:00:00.000Z,2011-01-02T00:00:00.000Z,UDS,29
856,4,2010-12-28T00:00:00.000Z,2011-01-03T00:00:00.000Z,JiffyEx,14
857,15,2010-12-28T00:00:00.000Z,2010-12-31T00:00:00.000Z,UDS,34
858,14,2010-12-29T00:00:00.000Z,2011-01-04T00:00:00.000Z,Rodeway Express,32
859,22,2010-12-29T00:00:00.000Z,2011-01-01T00:00:00.000Z,UDS,45
860,1,2010-12-29T00:00:00.000Z,2011-01-04T00:00:00.000Z,Postal Service,3
861,13,2010-12-30T00:00:00.000Z,2011-01-06T00:00:00.000Z,JiffyEx,31
862,22,2010-12-30T00:00:00.000Z,2011-01-04T00:00:00.000Z,Postal Service,45
863,23,2010-12-31T00:00:00.000Z,2011-01-05T00:00:00.000Z,Rodeway Express,47
864,20,2010-12-31T00:00:00.000Z,2011-01-03T00:00:00.000Z,Postal Service,43
865,7,2010-12-31T00:00:00.000Z,2011-01-12T00:00:00.000Z,UDS,18
866,12,2010-12-31T00:00:00.000Z,2011-01-05T00:00:00.000Z,JiffyEx,29
867,24,2011-01-02T00:00:00.000Z,2011-01-05T00:00:00.000Z,JiffyEx,51
868,18,2011-01-02T00:00:00.000Z,2011-01-05T00:00:00.000Z,UDS,38
869,17,2011-01-02T00:00:00.000Z,2011-01-05T00:00:00.000Z,JiffyEx,21
870,14,2011-01-03T00:00:00.000Z,2011-01-06T00:00:00.000Z,UDS,32
871,6,2011-01-03T00:00:00.000Z,2011-01-09T00:00:00.000Z,UDS,17
872,8,2011-01-03T00:00:00.000Z,2011-01-12T00:00:00.000Z,JiffyEx,21
873,24,2011-01-04T00:00:00.000Z,2011-01-16T00:00:00.000Z,UDS,51
874,13,2011-01-04T00:00:00.000Z,2011-01-07T00:00:00.000Z,UDS,31
875,3,2011-01-04T00:00:00.000Z,2011-01-09T00:00:00.000Z,JiffyEx,12
876,24,2011-01-04T00:00:00.000Z,2011-01-16T00:00:00.000Z,UDS,51
877,5,2011-01-05T00:00:00.000Z,2011-01-08T00:00:00.000Z,UDS,15
878,20,2011-01-06T00:00:00.000Z,2011-01-14T00:00:00.000Z,JiffyEx,43
879,6,2011-01-06T00:00:00.000Z,2011-01-10T00:00:00.000Z,UDS,17
880,12,2011-01-06T00:00:00.000Z,2011-01-11T00:00:00.000Z,JiffyEx,29
881,22,2011-01-06T00:00:00.000Z,2011-01-10T00:00:00.000Z,Postal Service,45
882,7,2011-01-07T00:00:00.000Z,2011-01-11T00:00:00.000Z,JiffyEx,18
883,17,2011-01-07T00:00:00.000Z,2011-01-10T00:00:00.000Z,UDS,21
884,12,2011-01-07T00:00:00.000Z,2011-01-13T00:00:00.000Z,Rodeway Express,29
885,10,2011-01-08T00:00:00.000Z,2011-01-12T00:00:00.000Z,JiffyEx,25
886,14,2011-01-08T00:00:00.000Z,2011-01-17T00:00:00.000Z,UDS,32
887,4,2011-01-08T00:00:00.000Z,2011-01-11T00:00:00.000Z,JiffyEx,14
888,21,2011-01-09T00:00:00.000Z,2011-01-15T00:00:00.000Z,Rodeway Express,43
889,16,2011-01-09T00:00:00.000Z,2011-01-12T00:00:00.000Z,Postal Service,36
890,15,2011-01-10T00:00:00.000Z,2011-01-13T00:00:00.000Z,Postal Service,34
891,12,2011-01-10T00:00:00.000Z,2011-01-13T00:00:00.000Z,Postal Service,29
892,12,2011-01-10T00:00:00.000Z,2011-01-13T00:00:00.000Z,Postal Service,29
893,12,2011-01-11T00:00:00.000Z,2011-01-22T00:00:00.000Z,UDS,29
894,22,2011-01-11T00:00:00.000Z,2011-01-16T00:00:00.000Z,JiffyEx,45
895,9,2011-01-12T00:00:00.000Z,2011-01-15T00:00:00.000Z,JiffyEx,23
896,20,2011-01-12T00:00:00.000Z,2011-01-15T00:00:00.000Z,UDS,43
897,24,2011-01-12T00:00:00.000Z,2011-01-18T00:00:00.000Z,UDS,51
898,15,2011-01-13T00:00:00.000Z,2011-01-19T00:00:00.000Z,UDS,34
899,15,2011-01-14T00:00:00.000Z,2011-01-17T00:00:00.000Z,UDS,34
900,18,2011-01-14T00:00:00.000Z,2011-01-17T00:00:00.000Z,UDS,38
901,19,2011-01-14T00:00:00.000Z,2011-01-19T00:00:00.000Z,UDS,41
902,8,2011-01-14T00:00:00.000Z,2011-01-17T00:00:00.000Z,UDS,21
903,11,2011-01-15T00:00:00.000Z,2011-01-18T00:00:00.000Z,Postal Service,26
904,12,2011-01-16T00:00:00.000Z,2011-01-19T00:00:00.000Z,JiffyEx,29
905,13,2011-01-16T00:00:00.000Z,2011-01-19T00:00:00.000Z,JiffyEx,31
906,22,2011-01-16T00:00:00.000Z,2011-01-22T00:00:00.000Z,Postal Service,45
907,9,2011-01-17T00:00:00.000Z,2011-01-20T00:00:00.000Z,UDS,23
908,6,2011-01-17T00:00:00.000Z,2011-01-23T00:00:00.000Z,UDS,17
909,23,2011-01-17T00:00:00.000Z,2011-01-23T00:00:00.000Z,UDS,47
910,7,2011-01-17T00:00:00.000Z,2011-01-22T00:00:00.000Z,JiffyEx,18
911,16,2011-01-18T00:00:00.000Z,2011-01-21T00:00:00.000Z,JiffyEx,36
912,12,2011-01-18T00:00:00.000Z,2011-01-21T00:00:00.000Z,Postal Service,29
913,21,2011-01-18T00:00:00.000Z,2011-01-21T00:00:00.000Z,JiffyEx,43
914,18,2011-01-19T00:00:00.000Z,2011-01-22T00:00:00.000Z,UDS,38
915,6,2011-01-20T00:00:00.000Z,2011-01-28T00:00:00.000Z,UDS,17
916,13,2011-01-20T00:00:00.000Z,2011-01-23T00:00:00.000Z,UDS,31
917,6,2011-01-20T00:00:00.000Z,2011-01-30T00:00:00.000Z,Postal Service,17
918,5,2011-01-21T00:00:00.000Z,2011-01-26T00:00:00.000Z,UDS,15
919,4,2011-01-21T00:00:00.000Z,2011-01-24T00:00:00.000Z,UDS,14
920,21,2011-01-21T00:00:00.000Z,2011-01-24T00:00:00.000Z,Postal Service,43
921,9,2011-01-22T00:00:00.000Z,2011-01-25T00:00:00.000Z,JiffyEx,23
922,5,2011-01-22T00:00:00.000Z,2011-01-26T00:00:00.000Z,Postal Service,15
923,17,2011-01-22T00:00:00.000Z,2011-01-30T00:00:00.000Z,Postal Service,21
924,18,2011-01-23T00:00:00.000Z,2011-01-28T00:00:00.000Z,UDS,38
925,9,2011-01-23T00:00:00.000Z,2011-01-26T00:00:00.000Z,JiffyEx,23
926,22,2011-01-23T00:00:00.000Z,2011-01-28T00:00:00.000Z,UDS,45
927,11,2011-01-24T00:00:00.000Z,2011-01-28T00:00:00.000Z,UDS,26
928,9,2011-01-24T00:00:00.000Z,2011-01-31T00:00:00.000Z,JiffyEx,23
929,25,2011-01-24T00:00:00.000Z,2011-01-28T00:00:00.000Z,JiffyEx,55
930,24,2011-01-25T00:00:00.000Z,2011-01-28T00:00:00.000Z,UDS,51
931,13,2011-01-25T00:00:00.000Z,2011-01-28T00:00:00.000Z,UDS,31
932,21,2011-01-25T00:00:00.000Z,2011-01-28T00:00:00.000Z,UDS,43
933,3,2011-01-26T00:00:00.000Z,2011-01-29T00:00:00.000Z,UDS,12
934,9,2011-01-26T00:00:00.000Z,2011-01-29T00:00:00.000Z,JiffyEx,23
935,20,2011-01-26T00:00:00.000Z,2011-01-29T00:00:00.000Z,JiffyEx,43
936,11,2011-01-26T00:00:00.000Z,2011-01-29T00:00:00.000Z,JiffyEx,26
937,19,2011-01-27T00:00:00.000Z,2011-01-30T00:00:00.000Z,Postal Service,41
938,14,2011-01-27T00:00:00.000Z,2011-02-01T00:00:00.000Z,JiffyEx,32
939,14,2011-01-28T00:00:00.000Z,2011-01-31T00:00:00.000Z,UDS,32
940,15,2011-01-28T00:00:00.000Z,2011-01-31T00:00:00.000Z,Postal Service,34
941,22,2011-01-28T00:00:00.000Z,2011-01-31T00:00:00.000Z,UDS,45
942,17,2011-01-28T00:00:00.000Z,2011-02-10T00:00:00.000Z,Postal Service,21
943,20,2011-01-29T00:00:00.000Z,2011-02-01T00:00:00.000Z,Postal Service,43
944,2,2011-01-29T00:00:00.000Z,2011-02-01T00:00:00.000Z,Rodeway Express,9
945,9,2011-01-29T00:00:00.000Z,2011-02-02T00:00:00.000Z,UDS,23
946,14,2011-01-30T00:00:00.000Z,2011-02-05T00:00:00.000Z,UDS,32
947,16,2011-01-30T00:00:00.000Z,2011-02-12T00:00:00.000Z,Postal Service,36
948,22,2011-01-31T00:00:00.000Z,2011-02-03T00:00:00.000Z,JiffyEx,45
949,19,2011-01-31T00:00:00.000Z,2011-02-03T00:00:00.000Z,Postal Service,41
950,15,2011-01-31T00:00:00.000Z,2011-02-03T00:00:00.000Z,UDS,34
951,2,2011-02-01T00:00:00.000Z,2011-02-05T00:00:00.000Z,UDS,9
952,21,2011-02-01T00:00:00.000Z,2011-02-07T00:00:00.000Z,UDS,43
953,20,2011-02-02T00:00:00.000Z,2011-02-06T00:00:00.000Z,UDS,43
954,13,2011-02-02T00:00:00.000Z,2011-02-08T00:00:00.000Z,Rodeway Express,31
955,5,2011-02-02T00:00:00.000Z,2011-02-05T00:00:00.000Z,Rodeway Express,15
956,24,2011-02-03T00:00:00.000Z,2011-02-06T00:00:00.000Z,UDS,51
957,4,2011-02-03T00:00:00.000Z,2011-02-09T00:00:00.000Z,UDS,14
958,4,2011-02-03T00:00:00.000Z,2011-02-13T00:00:00.000Z,JiffyEx,14
959,13,2011-02-04T00:00:00.000Z,2011-02-07T00:00:00.000Z,UDS,31
960,3,2011-02-04T00:00:00.000Z,2011-02-07T00:00:00.000Z,JiffyEx,12
961,2,2011-02-04T00:00:00.000Z,2011-02-09T00:00:00.000Z,UDS,9
962,25,2011-02-05T00:00:00.000Z,2011-02-11T00:00:00.000Z,JiffyEx,55
963,5,2011-02-05T00:00:00.000Z,2011-02-18T00:00:00.000Z,Postal Service,15
964,12,2011-02-05T00:00:00.000Z,2011-02-08T00:00:00.000Z,JiffyEx,29
965,17,2011-02-05T00:00:00.000Z,2011-02-09T00:00:00.000Z,JiffyEx,21
966,16,2011-02-06T00:00:00.000Z,2011-02-10T00:00:00.000Z,Postal Service,36
967,4,2011-02-07T00:00:00.000Z,2011-02-10T00:00:00.000Z,Postal Service,14
968,10,2011-02-08T00:00:00.000Z,2011-02-12T00:00:00.000Z,UDS,25
969,8,2011-02-08T00:00:00.000Z,2011-02-11T00:00:00.000Z,Postal Service,21
970,7,2011-02-08T00:00:00.000Z,2011-02-11T00:00:00.000Z,UDS,18
971,10,2011-02-09T00:00:00.000Z,2011-02-12T00:00:00.000Z,Postal Service,25
972,7,2011-02-09T00:00:00.000Z,2011-02-12T00:00:00.000Z,UDS,18
973,25,2011-02-09T00:00:00.000Z,2011-02-15T00:00:00.000Z,JiffyEx,55
974,20,2011-02-10T00:00:00.000Z,2011-02-16T00:00:00.000Z,JiffyEx,43
975,12,2011-02-10T00:00:00.000Z,2011-02-14T00:00:00.000Z,Postal Service,29
976,19,2011-02-11T00:00:00.000Z,2011-02-17T00:00:00.000Z,UDS,41
977,14,2011-02-11T00:00:00.000Z,2011-02-14T00:00:00.000Z,Postal Service,32
978,2,2011-02-11T00:00:00.000Z,2011-02-15T00:00:00.000Z,Postal Service,9
979,18,2011-02-12T00:00:00.000Z,2011-02-15T00:00:00.000Z,Postal Service,38
980,25,2011-02-12T00:00:00.000Z,2011-02-15T00:00:00.000Z,UDS,55
981,3,2011-02-12T00:00:00.000Z,2011-02-15T00:00:00.000Z,UDS,12
982,4,2011-02-13T00:00:00.000Z,2011-02-23T00:00:00.000Z,UDS,14
983,16,2011-02-13T00:00:00.000Z,2011-02-17T00:00:00.000Z,UDS,36
984,20,2011-02-13T00:00:00.000Z,2011-02-16T00:00:00.000Z,JiffyEx,43
985,12,2011-02-14T00:00:00.000Z,2011-02-17T00:00:00.000Z,JiffyEx,29
986,2,2011-02-14T00:00:00.000Z,2011-02-18T00:00:00.000Z,JiffyEx,9
987,3,2011-02-14T00:00:00.000Z,2011-02-17T00:00:00.000Z,Postal Service,12
988,7,2011-02-15T00:00:00.000Z,2011-02-26T00:00:00.000Z,JiffyEx,18
989,14,2011-02-16T00:00:00.000Z,2011-02-22T00:00:00.000Z,UDS,32
990,6,2011-02-16T00:00:00.000Z,2011-02-19T00:00:00.000Z,Postal Service,17
991,16,2011-02-16T00:00:00.000Z,2011-02-19T00:00:00.000Z,JiffyEx,36
992,25,2011-02-16T00:00:00.000Z,2011-02-26T00:00:00.000Z,UDS,55
993,23,2011-02-17T00:00:00.000Z,2011-02-20T00:00:00.000Z,UDS,47
994,19,2011-02-17T00:00:00.000Z,2011-02-20T00:00:00.000Z,Postal Service,41
995,25,2011-02-18T00:00:00.000Z,2011-02-21T00:00:00.000Z,UDS,55
996,13,2011-02-18T00:00:00.000Z,2011-02-23T00:00:00.000Z,JiffyEx,31
997,18,2011-02-18T00:00:00.000Z,2011-02-24T00:00:00.000Z,UDS,38
998,16,2011-02-19T00:00:00.000Z,2011-02-26T00:00:00.000Z,Postal Service,36
999,2,2011-02-19T00:00:00.000Z,2011-02-22T00:00:00.000Z,JiffyEx,9
1000,10,2011-02-19T00:00:00.000Z,2011-02-22T00:00:00.000Z,JiffyEx,25
